LINK_ID,F_NODE,T_NODE,ROAD_NAME,TRAFFIC,LANES,MAX_SPD
1220110900,1220063900,1220060300,선릉로189길,0,1,30
1220111000,1220060300,1220063900,선릉로189길,0,1,30
1220109700,1220035000,1220035500,선릉로89길,0,1,60
1220110500,1220045700,1220046500,봉은사로113길,0,1,40
1220110300,1220044800,1220045700,봉은사로113길,0,2,40
1220110200,1220043700,1220044800,봉은사로114길,0,2,40
1220093001,1210049800,1210050300,잠원로,15,3,60
1220093102,1220051600,1210050300,압구정로,45,3,60
1220093002,1210050300,1220051400,압구정로,15,3,60
1220051901,1220064400,1220019600,삼성서울병원내부도로,0,1,30
1220051801,1220019600,1220064400,삼성서울병원내부도로,0,1,30
1220013306,1220064500,1220021800,광평로,50,1,60
1220087901,1220046500,1220045700,봉은사로113길,0,1,40
1220093500,1220002500,1220051600,압구정로,45,3,60
1220004802,1220056900,1220055300,영동대로,230,3,60
1220005300,1220056700,1220058100,영동대로,225,3,60
1220005200,1220058100,1220056900,영동대로,230,3,60
1220036902,1220059800,1220061500,언주로,404,3,60
1220036802,1220061600,1220059700,언주로,163,3,60
1220093400,1220051400,1220051900,압구정로,15,3,60
1220107800,1220062500,1220061000,논현로,117,2,60
1220007300,1210019000,1220003400,논현로,21,3,60
1220001502,1220001000,1220026300,영동대로,78,1,60
1220001603,1220026300,1220001000,영동대로,40,1,60
1220050800,1220020900,1220020000,밤고개로,106,3,60
1220050700,1220020000,1220020900,밤고개로,116,3,60
1220051200,1220020200,1220021600,광평로51길,0,1,60
1220051100,1220021600,1220020200,광평로51길,0,1,60
1220048500,1220018200,1220018300,밤고개로5길,0,1,30
1220048400,1220018300,1220018200,밤고개로5길,0,1,30
1220048600,1220018300,1220018500,밤고개로5길,0,1,30
1220048100,1220017800,1220018300,밤고개로5길,0,1,30
1220044600,1220014600,1220014800,자곡로,53,3,60
1220044700,1220014800,1220014600,자곡로,75,3,60
1220025701,1220032800,1220033300,도곡로,44,3,60
1220075200,1220038600,1220038900,영동대로86길,0,1,60
1220075300,1220038900,1220038600,영동대로86길,0,1,60
1220076400,1220038900,1220039600,영동대로86길,0,1,60
1220076500,1220039600,1220038900,영동대로86길,0,1,60
1220035104,1220055600,1220010000,압구정로,26,3,60
1220035004,1220010000,1220055600,압구정로,52,3,60
1220036002,1220057800,1220010000,압구정로,67,3,60
1220036101,1220010000,1220057800,압구정로,60,3,60
1220084300,1220044900,1220045500,강남대로146길,0,1,30
1220084400,1220045500,1220044900,강남대로146길,0,1,30
1220032202,1220047500,1220044200,논현로,85,3,60
1220032302,1220044200,1220047500,논현로,89,3,60
1220011403,1220021100,1220020500,언주로,180,3,60
1220016101,1220021100,1220022300,언주로,93,3,60
1220059800,1220030200,1220006900,개포로109길,0,1,30
1220059900,1220006900,1220030200,개포로109길,0,1,30
1220062000,1220030500,1220031200,선릉로69길,0,1,30
1220062100,1220031200,1220030500,선릉로69길,0,1,30
1220023203,1220031200,1220032100,선릉로,31,3,60
1220023103,1220032100,1220031200,선릉로,52,2,60
1220082800,1220044800,1220043700,봉은사로114길,13,2,40
1220085100,1220045700,1220044800,봉은사로113길,1,2,40
1220042300,1220013300,1220013900,언주로,28,2,60
1220042200,1220013900,1220013300,언주로,47,2,60
1220006901,1220013900,1220014300,언주로,14,2,60
1220006801,1220014300,1220013900,언주로,28,2,60
1220010202,1210024700,1210024100,남부순환로,25,2,60
1220010302,1210024100,1210024700,남부순환로,30,1,60
1220069400,1220035500,1220035000,선릉로89길,0,1,60
1220107900,1220061100,1220062500,논현로,133,2,60
1220064000,1220031900,1220032500,테헤란로26길,0,1,60
1220063900,1220032500,1220031900,테헤란로26길,0,1,60
1220017600,1220006600,1220023900,도곡로7길,11,2,40
1220017700,1220023900,1220006600,도곡로7길,13,2,40
1220046900,1210025100,1220017500,남부순환로363길,0,1,30
1220046800,1220017500,1210025100,남부순환로363길,0,1,30
1220007101,1210019000,1220014700,개포로,6,2,60
1220007001,1220014700,1210019000,개포로,9,2,60
1220006302,1220000100,1210016400,논현로,14,3,60
1220006200,1210016400,1220000100,논현로,26,3,60
1220006501,1210016400,1210017100,논현로,9,3,60
1220006401,1210017100,1210016400,논현로,19,3,60
1220042500,1220013200,1220014100,논현로16길,0,1,30
1220042400,1220014100,1220013200,논현로16길,0,1,30
1220043400,1210017100,1220014100,논현로16길,0,1,30
1220043500,1220014100,1210017100,논현로16길,0,1,30
1220044000,1220014100,1220014200,논현로16길,0,1,30
1220044100,1220014200,1220014100,논현로16길,0,1,30
1220041600,1210016400,1220013200,논현로10길,0,1,60
1220041700,1220013200,1210016400,논현로10길,0,1,60
1220007200,1220003400,1210019000,논현로,26,3,60
1220009200,1220004200,1220003800,남부순환로378길,5,1,30
1220009300,1220003800,1220004200,남부순환로378길,2,1,30
1220009801,1220016600,1220003800,양재천로,3,1,30
1220009802,1220017600,1220016600,양재천로,3,1,30
1220049100,1220018100,1220020400,언주로30길-양재천로_사,0,2,60
1220049000,1220020400,1220018100,언주로30길-양재천로_사,0,2,60
1220011702,1220018100,1220019500,양재천로,9,1,30
1220011602,1220019500,1220018100,양재천로,1,1,30
1220011603,1220020300,1220019500,양재천로,1,1,30
1220050600,1220019500,1220021200,언주로30길-양재천로_사,0,2,60
1220050500,1220021200,1220019500,언주로30길-양재천로_사,0,2,60
1220051000,1220021200,1220020400,언주로30길,0,2,60
1220050900,1220020400,1220021200,언주로30길,0,2,60
1220049800,1220020400,1220019300,언주로30길,0,2,60
1220049700,1220019300,1220020400,언주로30길,0,2,60
1220019001,1220027400,1220025900,도곡로,79,3,60
1220019101,1220025900,1220027400,도곡로,56,3,60
1220016602,1220025900,1220024300,도곡로,49,3,60
1220016702,1220024300,1220025900,도곡로,44,3,60
1220016601,1220024300,1220023900,도곡로,49,3,60
1220016701,1220023900,1220024300,도곡로,44,3,60
1220015403,1220023900,1220023600,도곡로,48,3,60
1220015503,1220023600,1220023900,도곡로,45,3,60
1220015501,1210028900,1220023500,도곡로,43,3,60
1220015502,1220023500,1220023600,도곡로,43,3,60
1220054400,1210029200,1220024000,강남대로62길,0,1,30
1220054500,1220024000,1210029200,강남대로62길,0,1,30
1220054700,1220023600,1220024000,도곡로3길,0,1,30
1220054600,1220024000,1220023600,도곡로3길,0,1,30
1220019501,1220006300,1220027300,역삼로,19,2,60
1220019401,1220027300,1220006300,역삼로,31,2,60
1220019502,1220027300,1220006600,역삼로,19,2,60
1220019402,1220006600,1220027300,역삼로,26,2,60
1220020700,1220006600,1220029000,역삼로,20,2,60
1220020600,1220029000,1220006600,역삼로,25,2,60
1220019802,1220029000,1220027100,논현로,114,3,60
1220019902,1220027100,1220029000,논현로,69,3,60
1220019901,1220025900,1220027100,논현로,69,3,60
1220058700,1220028500,1220027900,언주로63길,0,1,30
1220058600,1220027900,1220028500,언주로63길,0,1,30
1220058100,1220027400,1220027900,도곡로37길,0,1,60
1220058200,1220027900,1220027400,도곡로37길,0,1,60
1220061300,1220030000,1220030500,언주로70길,0,2,30
1220061400,1220030500,1220030000,언주로70길,0,1,30
1220062500,1220031800,1220030500,역삼로52길,0,1,30
1220062600,1220030500,1220031800,역삼로52길,0,1,30
1220020803,1220029300,1220028700,도곡로,56,3,60
1220018200,1220028000,1220024700,삼성로,26,3,60
1220018300,1220024800,1220028000,삼성로,14,3,60
1220015203,1220024200,1220023800,양재천로,1,1,30
1220015000,1220024700,1220022800,삼성로,27,3,60
1220015100,1220022800,1220024800,삼성로,14,3,60
1220008600,1220016500,1220003700,선릉로,12,2,30
1220008700,1220003700,1220016500,선릉로,3,2,30
1220007500,1220000300,1220003700,선릉로,4,2,60
1220007400,1220003700,1220000300,선릉로,10,2,60
1220012700,1220017700,1220022800,삼성로,14,3,60
1220012600,1220022800,1220017700,삼성로,23,3,60
1220013600,1220005300,1220022800,개포로,3,2,30
1220013700,1220022800,1220005300,개포로,4,2,30
1220001900,1220029500,1220001000,영동대로,1,1,60
1220002001,1220001000,1220029500,영동대로,8,1,60
1220018701,1220006200,1220026700,개포로,1,2,60
1220018601,1220026700,1220006200,개포로,10,2,60
1220018702,1220026700,1220006500,개포로,1,2,60
1220018602,1220006500,1220026700,개포로,10,2,60
1220057500,1220026700,1220027700,개포로,0,1,30
1220057400,1220027700,1220026700,개포로,0,1,30
1220014902,1220005100,1220006000,일원로,10,2,60
1220014802,1220006000,1220005100,일원로,10,2,60
1220018001,1220026000,1220006000,일원로3길,0,1,30
1220018101,1220006000,1220026000,일원로3길,1,1,30
1220017900,1220006000,1220006500,일원로,10,2,60
1220017800,1220006500,1220006000,일원로,3,2,60
1220020402,1220006500,1220028100,개포로,4,2,40
1220020502,1220028100,1220006500,개포로,14,2,40
1220022700,1220007600,1220031400,남부순환로,44,2,60
1220021802,1220031300,1220029100,삼성로,41,3,60
1220022502,1220030900,1220029900,도곡로,41,3,50
1220022602,1220029900,1220030900,도곡로,56,3,50
1220023201,1220029300,1220030400,선릉로,31,3,60
1220023101,1220030400,1220029300,선릉로,52,3,60
1220023202,1220030400,1220031200,선릉로,31,3,60
1220023102,1220031200,1220030400,선릉로,52,3,60
1220023204,1220032100,1220007700,선릉로,31,3,60
1220023104,1220007700,1220032100,선릉로,52,2,60
1220067400,1220033500,1220035300,역삼로63길,0,1,60
1220067300,1220035300,1220033500,역삼로63길,0,1,60
1220024602,1220034100,1220033400,언주로,118,3,60
1220025804,1220035900,1220035500,선릉로,55,2,60
1220025904,1220035500,1220035900,선릉로,26,2,60
1220068600,1220034600,1220035300,선릉로86길,0,1,60
1220068700,1220035300,1220034600,선릉로86길,0,1,60
1220068500,1220034500,1220035000,테헤란로52길,0,1,60
1220068400,1220035000,1220034500,테헤란로52길,0,1,60
1220069600,1220035000,1220035700,테헤란로52길,0,1,60
1220069500,1220035700,1220035000,테헤란로52길,0,1,60
1220071200,1220036500,1220036200,삼성로85길,0,1,60
1220071100,1220036200,1220036500,삼성로85길,0,1,60
1220071600,1220036200,1220037200,테헤란로78길,0,1,60
1220071500,1220037200,1220036200,테헤란로78길,0,1,60
1220025803,1220035500,1220034600,선릉로,55,2,60
1220025903,1220034600,1220035500,선릉로,26,2,60
1220025802,1220034600,1220033100,선릉로,50,2,60
1220025902,1220033100,1220034600,선릉로,20,2,60
1220025901,1220007700,1220033100,선릉로,20,2,60
1220025801,1220033100,1220007700,선릉로,50,3,60
1220065600,1220033100,1220033500,선릉로76길,0,1,60
1220065700,1220033500,1220033100,선릉로76길,0,1,60
1220065500,1220033000,1220033500,역삼로63길,0,1,30
1220065400,1220033500,1220033000,역삼로63길,0,1,30
1220068900,1220035400,1220034800,삼성로75길,0,1,60
1220068800,1220034800,1220035400,삼성로75길,0,1,60
1220067600,1220034800,1220033900,역삼로77길,0,1,60
1220067500,1220033900,1220034800,역삼로77길,0,1,60
1220025402,1220033900,1220033000,역삼로,13,2,60
1220025502,1220033000,1220033900,역삼로,20,2,60
1220025401,1220033000,1220007700,역삼로,13,2,60
1220025501,1220007700,1220033000,역삼로,20,2,60
1220023802,1220007700,1220031800,역삼로,29,2,30
1220023902,1220031800,1220007700,역삼로,18,3,30
1220023801,1220031800,1220031100,역삼로,29,3,30
1220023901,1220031100,1220031800,역삼로,18,3,30
1220023001,1220029000,1220031700,논현로,80,3,60
1220022901,1220031700,1220029000,논현로,117,3,60
1220022902,1220032700,1220031700,논현로,117,3,60
1220064900,1220032900,1220032600,강남대로94길,0,1,30
1220064800,1220032600,1220032900,강남대로94길,0,1,30
1220064200,1220032000,1220032600,테헤란로19길,0,2,30
1220064100,1220032600,1220032000,테헤란로19길,0,1,30
1220063400,1220031500,1220032200,테헤란로7길,0,1,30
1220063300,1220032200,1220031500,테헤란로7길,0,1,30
1220027203,1220038300,1220036600,봉은사로,160,3,60
1220027303,1220036600,1220038300,봉은사로,145,3,60
1220027202,1220036600,1220036000,봉은사로,160,3,60
1220027302,1220036000,1220036600,봉은사로,145,3,60
1220030401,1220041900,1210046000,학동로,94,3,60
1220030501,1210046000,1220041900,학동로,51,3,60
1220030403,1220042600,1220042100,학동로,94,3,60
1220030503,1220042100,1220042600,학동로,51,3,60
1220030402,1220042100,1220041900,학동로,94,3,60
1220030502,1220041900,1220042100,학동로,51,3,60
1220030504,1220042600,1220043000,학동로,51,3,60
1220030404,1220043000,1220042600,학동로,94,3,60
1220030505,1220043000,1220043400,학동로,51,3,60
1220030405,1220043400,1220043000,학동로,94,3,60
1220034404,1220055200,1220053800,논현로,14,2,60
1220034504,1220053800,1220055200,논현로,32,2,60
1220035003,1220055600,1220054200,압구정로,52,3,60
1220035103,1220054200,1220055600,압구정로,26,3,60
1220035101,1220051900,1220052800,압구정로,22,3,60
1220035001,1220052800,1220002500,압구정로,60,3,60
1220035102,1220052800,1220054200,압구정로,26,3,60
1220035002,1220054200,1220052800,압구정로,52,3,60
1220097100,1220052800,1220055500,압구정로11길,0,1,40
1220097000,1220055500,1220052800,압구정로11길,0,1,40
1220098700,1220055500,1220055700,압구정로11길,0,1,40
1220098600,1220055700,1220055500,압구정로11길,0,1,40
1220101700,1220056400,1220059100,논현로189길,4,1,60
1220101800,1220059100,1220056400,논현로189길,2,1,60
1220103700,1220059100,1220060100,논현로189길,4,1,60
1220103800,1220060100,1220059100,논현로189길,2,1,60
1220105000,1220059400,1220060600,압구정로29길,0,2,60
1220104900,1220060600,1220059400,압구정로29길,0,1,60
1220106800,1220060600,1220061200,논현로190길,0,1,30
1220106900,1220061200,1220060600,논현로190길,0,1,30
1220105700,1220061200,1220059600,압구정로33길,0,1,30
1220105800,1220059600,1220061200,압구정로33길,0,1,30
1220104500,1220059600,1220060000,압구정로33길-압구정로39,0,1,30
1220104600,1220060000,1220059600,압구정로33길-압구정로39,0,1,30
1220103300,1220058700,1220060000,압구정로39길,0,1,30
1220103200,1220060000,1220058700,압구정로39길,0,1,30
1220106500,1220061300,1220063800,논현로190길,0,1,30
1220106600,1220063800,1220061300,논현로190길,0,1,30
1220091000,1220049800,1220049900,논현로151길,0,1,40
1220091100,1220049900,1220049800,논현로151길,0,1,40
1220034502,1220048900,1220049900,논현로,71,3,60
1220091200,1220049900,1220051100,논현로152길,0,1,40
1220091300,1220051100,1220049900,논현로152길,0,1,40
1220034503,1220049900,1220053800,논현로,71,3,60
1220093800,1220051700,1220052100,언주로153길,0,1,60
1220093900,1220052100,1220051700,언주로153길,0,1,60
1220093300,1220051700,1220051100,도산대로37길,0,1,60
1220093200,1220051100,1220051700,도산대로37길,0,1,60
1220091700,1220051100,1220050000,도산대로37길,0,1,60
1220091800,1220050000,1220051100,도산대로37길,0,1,60
1220032204,1220048900,1220048300,논현로,85,3,60
1220032203,1220048300,1220047500,논현로,85,3,60
1220083800,1220044100,1220045200,학동로33길,0,1,60
1220083700,1220045200,1220044100,학동로33길,0,1,60
1220083600,1220045200,1220044200,논현로132길,0,1,60
1220083500,1220044200,1220045200,논현로132길,0,1,60
1220032301,1220043400,1220044200,논현로,89,3,60
1220029602,1220043400,1220042800,논현로,56,3,60
1220031301,1220043400,1220044100,학동로,127,3,60
1220031201,1220044100,1220043400,학동로,90,3,60
1220082100,1220044000,1220043500,언주로129길,0,1,60
1220082000,1220043500,1220044000,언주로129길,0,1,60
1220082300,1220043500,1220044100,학동로34길,0,1,60
1220082200,1220044100,1220043500,학동로34길,0,1,60
1220080500,1220043500,1220042800,논현로128길,0,1,60
1220080400,1220042800,1220043500,논현로128길,0,1,60
1220031302,1220044100,1220045300,학동로,127,3,60
1220031202,1220045300,1220044100,학동로,90,3,60
1220028202,1220039900,1220039100,봉은사로,124,3,60
1220028302,1220039100,1220039900,봉은사로,114,3,60
1220028201,1220039100,1220038300,봉은사로,124,3,60
1220028301,1220038300,1220039100,봉은사로,114,3,60
1220026301,1220032700,1220033700,논현로,136,3,60
1220026302,1220033700,1220035100,논현로,136,3,60
1220026202,1220035100,1220033700,논현로,81,3,60
1220066500,1220033700,1220034200,논현로94길,0,1,60
1220066600,1220034200,1220033700,논현로94길,0,1,60
1220029002,1220041500,1220040600,봉은사로,96,3,60
1220031001,1220043200,1220041800,선릉로,26,2,60
1220031101,1220041800,1220043200,선릉로,32,2,60
1220029003,1220041800,1220041500,봉은사로,96,3,60
1220081500,1220043300,1220044300,학동로50길,0,1,30
1220081400,1220044300,1220043300,학동로50길,0,1,30
1220080000,1220042900,1220043200,선릉로119길,0,1,30
1220080100,1220043200,1220042900,선릉로119길,0,1,30
1220081300,1220043600,1220043300,선릉로121길,0,1,30
1220081200,1220043300,1220043600,선릉로121길,0,1,30
1220080200,1220043300,1220042900,학동로50길,0,1,30
1220080300,1220042900,1220043300,학동로50길,0,1,30
1220029001,1220040600,1220039900,봉은사로,96,3,60
1220029102,1220039900,1220040600,봉은사로,107,3,60
1220082600,1220043900,1220044300,선릉로125길,0,1,30
1220082700,1220044300,1220043900,선릉로125길,0,1,30
1220085500,1220045600,1220045900,학동로46길,0,1,30
1220085400,1220045900,1220045600,학동로46길,0,1,30
1220085200,1220045600,1220045800,선릉로129길,0,1,30
1220085300,1220045800,1220045600,선릉로129길,0,1,30
1220086900,1220045800,1220046600,학동로50길,0,1,30
1220086800,1220046600,1220045800,학동로50길,0,1,30
1220086400,1220045800,1220046200,선릉로129길,0,1,60
1220086500,1220046200,1220045800,선릉로129길,0,1,60
1220084500,1220045800,1220044300,학동로50길,0,1,30
1220084600,1220044300,1220045800,학동로50길,0,1,30
1220031005,1220046900,1220046200,선릉로,27,2,60
1220031105,1220046200,1220046900,선릉로,36,3,60
1220031004,1220046200,1220044700,선릉로,27,2,60
1220031104,1220044700,1220046200,선릉로,36,3,60
1220031003,1220044700,1220043600,선릉로,27,2,60
1220031103,1220043600,1220044700,선릉로,36,2,60
1220031002,1220043600,1220043200,선릉로,27,2,60
1220031102,1220043200,1220043600,선릉로,36,2,60
1220034101,1220048200,1220049200,삼성로,58,3,60
1220034001,1220049200,1220048200,삼성로,45,3,60
1220032805,1220048200,1220048100,학동로,54,3,60
1220032905,1220048100,1220048200,학동로,64,3,60
1220032804,1220048100,1220047700,학동로,54,3,60
1220032904,1220047700,1220048100,학동로,64,3,60
1220032803,1220047700,1220047200,학동로,54,3,60
1220032903,1220047200,1220047700,학동로,64,3,60
1220032802,1220047200,1220047000,학동로,54,3,60
1220032902,1220047000,1220047200,학동로,64,3,60
1220032901,1220046900,1220047000,학동로,64,3,60
1220032002,1220046600,1220045900,학동로,71,3,60
1220032102,1220045900,1220046600,학동로,69,3,60
1220033501,1220046900,1220047400,선릉로,17,2,60
1220033401,1220047400,1220046900,선릉로,33,3,60
1220087300,1220045900,1220046700,학동로45길,0,1,30
1220087200,1220046700,1220045900,학동로45길,0,1,30
1220087600,1220046700,1220046300,언주로134길,0,1,60
1220087500,1220046300,1220046700,언주로134길,0,1,60
1220032001,1220045900,1220045300,학동로,71,3,60
1220032101,1220045300,1220045900,학동로,69,3,60
1220092600,1220051800,1220050300,도산대로50길,0,1,60
1220092700,1220050300,1220051800,도산대로50길,0,1,60
1220094400,1220052000,1220052400,도산대로58길,0,1,60
1220094500,1220052400,1220052000,도산대로58길,0,1,60
1220025503,1220033900,1220034700,역삼로,20,2,60
1220025403,1220034700,1220033900,역삼로,13,2,60
1220024901,1220031300,1220032300,삼성로,43,3,60
1220024902,1220032300,1220034000,삼성로,43,3,60
1220024802,1220034000,1220032300,삼성로,43,3,60
1220024803,1220034700,1220034000,삼성로,43,3,60
1220026701,1220034700,1220035400,삼성로,52,3,60
1220026702,1220035400,1220036500,삼성로,52,3,60
1220026602,1220036500,1220035400,삼성로,40,3,60
1220069300,1220034900,1220035600,테헤란로43길,0,1,60
1220069200,1220035600,1220034900,테헤란로43길,0,1,60
1220070800,1220035700,1220036100,테헤란로51길,0,1,60
1220070700,1220036100,1220035700,테헤란로51길,0,1,60
1220027701,1220035900,1220036700,선릉로,28,2,60
1220027601,1220036700,1220035900,선릉로,24,2,60
1220071900,1220036700,1220037100,선릉로94길,0,1,60
1220072000,1220037100,1220036700,선릉로94길,0,1,60
1220072800,1220037100,1220037300,테헤란로63길,0,1,60
1220072700,1220037300,1220037100,테헤란로63길,0,1,60
1220072200,1220036800,1220037600,테헤란로69길,0,1,30
1220072100,1220037600,1220036800,테헤란로69길,0,1,30
1220074600,1220037600,1220038500,삼성로95길,0,1,60
1220074700,1220038500,1220037600,삼성로95길,0,1,60
1220030102,1220042000,1220042200,봉은사로,89,3,60
1220030002,1220042200,1220042000,봉은사로,53,3,60
1220074900,1220038600,1220038100,영동대로85길,0,1,30
1220074800,1220038100,1220038600,영동대로85길,0,1,30
1220075500,1220038100,1220039500,테헤란로98길,0,1,30
1220075400,1220039500,1220038100,테헤란로98길,0,1,30
1220027101,1220001700,1220037000,역삼로,21,2,60
1220027001,1220037000,1220001700,역삼로,12,2,60
1220076700,1220038700,1220041000,테헤란로87길,18,3,60
1220076600,1220041000,1220038700,테헤란로87길,8,2,60
1220030802,1220043800,1220043100,봉은사로,63,3,60
1220031901,1220042400,1220044600,삼성로,65,3,60
1220031801,1220044600,1220042400,삼성로,42,3,60
1220031902,1220044600,1220046000,삼성로,65,3,60
1220031802,1220046000,1220044600,삼성로,42,2,60
1220031903,1220046000,1220047100,삼성로,64,3,60
1220031803,1220047100,1220046000,삼성로,44,2,60
1220031904,1220047100,1220048200,삼성로,64,3,60
1220031804,1220048200,1220047100,삼성로,44,2,60
1220033201,1220048500,1220048200,학동로,51,3,60
1220033301,1220048200,1220048500,학동로,71,3,60
1220094200,1220052100,1220052300,언주로154길,0,1,60
1220094300,1220052300,1220052100,언주로154길,0,1,60
1220035404,1220057300,1220055400,선릉로,29,3,40
1220035504,1220055400,1220057300,선릉로,38,3,40
1220035403,1220055400,1220053400,선릉로,29,3,60
1220035503,1220053400,1220055400,선릉로,38,3,60
1220035402,1220053400,1220052700,선릉로,29,3,60
1220035502,1220052700,1220053400,선릉로,38,3,60
1220035903,1220056100,1220056300,압구정로,68,3,60
1220035803,1220056300,1220056100,압구정로,30,3,60
1220100100,1220057200,1220056100,압구정로61길,0,1,30
1220100000,1220056100,1220057200,압구정로61길,0,1,30
1220035901,1220053000,1220054300,압구정로,68,3,60
1220096600,1220054300,1220054700,압구정로79길,0,1,30
1220096700,1220054700,1220054300,압구정로79길,0,1,30
1220096000,1220053200,1220054700,도산대로81길,0,1,30
1220095900,1220054700,1220053200,도산대로81길,0,1,30
1220036500,1220057300,1220059500,선릉로,10,2,60
1220036400,1220059500,1220057300,선릉로,1,2,60
1220036306,1220057300,1220057900,압구정로,144,3,60
1220036305,1220057900,1220058000,압구정로,144,3,60
1220036204,1220058600,1220058000,압구정로,67,3,60
1220036202,1220058900,1220058800,압구정로,67,3,60
1220103400,1220058600,1220060200,선릉로189길-압구정로_사,0,1,60
1220103500,1220060200,1220058600,선릉로189길-압구정로_사,0,1,60
1220104800,1220059900,1220060200,선릉로189길,0,1,30
1220104700,1220060200,1220059900,선릉로189길,0,1,30
1220105300,1220060200,1220060300,선릉로189길,0,1,30
1220105200,1220060300,1220060200,선릉로189길,0,1,30
1220031402,1220045000,1220044800,봉은사로,45,2,60
1220031502,1220044800,1220045000,봉은사로,97,3,60
1220048900,1220019600,1220019000,삼성서울병원내부도로,0,1,30
1220048800,1220019000,1220019600,삼성서울병원내부도로,0,1,30
1220010803,1220005100,1220019000,일원로,6,3,60
1220010903,1220019000,1220005100,일원로,7,3,60
1220010802,1220019000,1220016900,일원로,6,2,60
1220010902,1220016900,1220019000,일원로,7,2,60
1220008002,1220015400,1220015500,광평로,18,3,60
1220008102,1220015500,1220015400,광평로,8,3,60
1220008001,1220015500,1220003900,광평로,18,3,60
1220008101,1220003900,1220015500,광평로,8,3,60
1220024400,1220032400,1220007600,삼전로,62,3,60
1220024500,1220007600,1220032400,삼전로,47,3,60
1220031600,1220045400,1220045000,봉은사로,44,2,60
1220031700,1220045000,1220045400,봉은사로,81,2,60
1220025702,1220033300,1220034300,도곡로,44,3,60
1220025602,1220034300,1220033300,도곡로,30,3,60
1220109100,1220011700,1220063100,헌릉로-헌인릉1길_사이,0,1,40
1220108800,1220063100,1220011700,헌릉로-헌인릉1길_사이,0,1,40
1220020403,1220063500,1220006400,개포로140길,18,1,30
1220020503,1220006400,1220063500,개포로140길,3,1,30
1220017500,1220005700,1220006400,양재대로55길,2,1,30
1220017400,1220006400,1220005700,양재대로55길,18,2,30
1220020404,1220063600,1220063500,개포로140길,18,1,40
1220020504,1220063500,1220063600,개포로140길,3,1,40
1220020405,1220028100,1220063600,개포로,4,2,40
1220020505,1220063600,1220028100,개포로,14,2,40
1220045500,1220015000,1220003900,일원로,0,1,30
1220045400,1220003900,1220015000,일원로,0,1,30
1220010101,1220003900,1220016200,광평로,11,3,60
1220010001,1220016200,1220003900,광평로,11,3,60
1220046000,1220017300,1220016200,광평로19길,0,1,30
1220046100,1220016200,1220017300,광평로19길,0,1,30
1220051600,1220021600,1220020900,밤고개로1길,0,1,60
1220051500,1220020900,1220021600,밤고개로1길,0,1,60
1220039500,2040019100,1220012100,헌릉로718길,0,2,30
1220039400,1220012100,2040019100,헌릉로718길,0,1,30
1220040300,1220012500,1220012600,헌릉로745길-헌릉로757길_,0,1,30
1220040400,1220012600,1220012500,헌릉로745길-헌릉로757길_,0,1,30
1220039900,1220012600,1220012300,헌릉로757길,4,1,30
1220040000,1220012300,1220012600,헌릉로757길,4,1,30
1220039800,1220012200,1220012500,헌릉로745길,0,2,30
1220039700,1220012500,1220012200,헌릉로745길,0,2,30
1220018902,1220026100,1220026400,양재대로,42,3,60
1220018802,1220026600,1220026200,양재대로,45,3,60
1220018102,1220026000,1220006400,일원로3길,1,1,30
1220018002,1220006400,1220026000,일원로3길,0,1,30
1220108900,1220063600,1220063700,개포로,0,2,40
1220109000,1220063700,1220063600,개포로,0,2,40
1220044900,1220015000,1220015500,광평로10길,0,1,30
1220044800,1220015500,1220015000,광평로10길,0,1,30
1220045200,1220016200,1220015000,광평로20길,0,1,30
1220045100,1220015000,1220016200,광평로20길,0,1,30
1220047300,1220017300,1220016900,일원로13길,0,1,30
1220047200,1220016900,1220017300,일원로13길,0,1,30
1220010002,1220016300,1220016200,광평로,11,3,60
1220010102,1220016200,1220016300,광평로,11,3,60
1220010003,1220017200,1220016300,광평로,11,3,60
1220010103,1220016300,1220017200,광평로,11,3,60
1220055700,1220023100,1220021600,광평로59길,0,1,30
1220055600,1220021600,1220023100,광평로59길,0,1,30
1220053800,1220021800,1220023100,광평로59길,0,1,60
1220053700,1220023100,1220021800,광평로59길,0,1,60
1220053200,1220021600,1220023100,밤고개로1길,0,1,60
1220053300,1220023100,1220021600,밤고개로1길,0,1,60
1220054900,1220021300,1220024600,광평로39길,0,1,30
1220054800,1220024600,1220021300,광평로39길,0,1,30
1220050300,1220021300,1220019200,광평로47길,0,1,30
1220050400,1220019200,1220021300,광평로47길,0,1,30
1220049300,1220017200,1220021300,광평로39길,0,1,30
1220049200,1220021300,1220017200,광평로39길,0,1,30
1220010004,1220019200,1220017200,광평로,11,3,60
1220010104,1220017200,1220019200,광평로,11,3,60
1220049400,1220064500,1220018200,광평로56길,0,1,30
1220049500,1220018200,1220064500,광평로56길,0,1,30
1220048200,1220018200,1220021800,밤고개로5길,0,1,30
1220048300,1220021800,1220018200,밤고개로5길,0,1,30
1220041400,1220013000,1220013800,자곡로7길,0,1,30
1220041500,1220013800,1220013000,자곡로7길,0,1,30
1220039600,1220012100,1220012300,헌릉로758길,0,1,60
1220039200,1220011800,1220012100,헌릉로718길,11,1,30
1220039300,1220012100,1220011800,헌릉로718길,0,1,30
1220040700,1220012700,1220012500,헌릉로745길,0,1,30
1220040800,1220012500,1220012700,헌릉로745길,0,1,30
1220040500,1220012700,1220012500,헌릉로745길_인접길,0,1,30
1220040600,1220012500,1220012700,헌릉로745길_인접길,0,1,30
1220036303,1220058600,1220058900,압구정로,144,3,60
1220094900,1220051700,1220053800,논현로168길,0,1,60
1220094800,1220053800,1220051700,논현로168길,0,1,60
1220011703,1220019500,1220023700,양재천로,9,1,30
1220011701,1220003800,1220018100,양재천로,10,1,30
1220059100,1210032500,1220027300,역삼로3길,0,1,60
1220059200,1220027300,1210032500,역삼로3길,0,1,60
1220058900,1220029900,1220030900,삼성로51길,0,1,30
1220059000,1220030900,1220029900,삼성로51길,0,1,30
1220065000,1220033600,1220033400,테헤란로38길,0,1,60
1220065100,1220033400,1220033600,테헤란로38길,0,1,60
1220063800,1220031700,1220033200,논현로86길,0,1,60
1220062900,1220031900,1220031700,논현로85길,0,1,60
1220063000,1220031700,1220031900,논현로85길,0,1,60
1220063100,1220032000,1220031900,논현로87길,0,1,30
1220063200,1220031900,1220032000,논현로87길,0,1,30
1220021700,1220006600,1220031500,테헤란로8길,30,2,40
1220021600,1220031500,1220006600,테헤란로8길,13,2,40
1220052600,1220017500,1220024300,남부순환로363길,0,1,30
1220052500,1220024300,1220017500,남부순환로363길,0,1,30
1220050100,1220017500,1220021400,남부순환로365길,0,1,30
1220050200,1220021400,1220017500,남부순환로365길,0,1,30
1220007802,1220003800,1220014900,양재천로,4,1,30
1220007900,1220014900,1220003800,양재천로,7,1,30
1220007002,1220003500,1220014700,개포로,9,2,60
1220007102,1220014700,1220003500,개포로,6,2,60
1220006502,1210017100,1210019000,논현로,9,3,60
1220006402,1210019000,1210017100,논현로,19,3,60
1220043700,1220013400,1220014200,개포로22길,0,1,60
1220043600,1220014200,1220013400,개포로22길,0,1,60
1220044300,1220014200,1220014700,개포로22길,0,1,60
1220044200,1220014700,1220014200,개포로22길,0,1,60
1220043100,1220014500,1220013400,언주로7길,0,1,60
1220043000,1220013400,1220014500,언주로7길,0,1,60
1220042100,1220013400,1220013200,논현로10길,0,1,60
1220042000,1220013200,1220013400,논현로10길,0,1,60
1220008200,1220016500,1220003500,개포로,10,2,30
1220008300,1220003500,1220016500,개포로,7,2,30
1220010500,1220004200,1220017900,남부순환로378길,2,1,30
1220010400,1220017900,1220004200,남부순환로378길,7,1,30
1220011601,1220018100,1220017600,양재천로,1,1,30
1220053400,1220021200,1220023200,언주로30길,0,2,60
1220053500,1220023200,1220021200,언주로30길,0,3,60
1220013401,1220021400,1210026200,논현로,99,3,60
1220013501,1210026200,1220021400,논현로,43,3,60
1220013402,1220025900,1220021400,논현로,99,3,60
1220013502,1220021400,1220025900,논현로,43,3,60
1220054100,1210028400,1220023500,강남대로58길,0,1,30
1220054200,1220023500,1210028400,강남대로58길,0,1,30
1220056300,1220027300,1220024000,도곡로3길,0,1,30
1220056400,1220024000,1220027300,도곡로3길,0,1,30
1220057800,1220027900,1220027100,논현로64길,0,1,30
1220057700,1220027100,1220027900,논현로64길,0,1,30
1220059400,1220028900,1220027900,도곡로37길,0,1,60
1220059300,1220027900,1220028900,도곡로37길,0,1,60
1220016002,1220027600,1220021900,언주로,142,3,60
1220016102,1220022300,1220027600,언주로,93,3,60
1220060800,1220028700,1220030500,도곡로51길,0,1,30
1220060700,1220030500,1220028700,도곡로51길,0,1,30
1220059700,1220028200,1220028900,도곡로43길,0,1,30
1220059600,1220028900,1220028200,도곡로43길,0,1,30
1220019300,1220024100,1220029300,선릉로,36,3,60
1220019200,1220029300,1220024100,선릉로,36,3,60
1220055400,1220026500,1220023700,남부순환로394길,0,1,30
1220055500,1220023700,1220026500,남부순환로394길,0,1,30
1220014100,1220023200,1220024100,선릉로,0,3,60
1220011001,1220019400,1220016500,선릉로,12,2,30
1220011101,1220016500,1220019400,선릉로,5,2,30
1220011002,1220023200,1220019400,선릉로,12,2,30
1220011102,1220019400,1220023200,선릉로,5,2,30
1220011604,1220022600,1220020300,양재천로,1,1,30
1220015201,1220023700,1220022600,양재천로,1,1,30
1220015202,1220023800,1220023700,양재천로,1,1,30
1220015300,1220023700,1220001000,양재천로,10,1,30
1220012100,1220016500,1220022800,개포로,2,2,30
1220012000,1220022800,1220016500,개포로,5,2,30
1220009600,1220017700,1220003700,삼성로3길,0,1,40
1220009700,1220003700,1220017700,삼성로3길,3,1,40
1220009402,1220017700,1220015300,삼성로,23,3,60
1220009502,1220015300,1220017700,삼성로,16,3,60
1220015700,1220005300,1220024400,개포로,3,2,30
1220015600,1220024400,1220005300,개포로,4,2,30
1220013100,1220004700,1220005300,개포로88길,0,1,30
1220013000,1220005300,1220004700,개포로88길,0,1,30
1220011200,1220004700,1220017700,삼성로4길,0,1,30
1220011300,1220017700,1220004700,삼성로4길,0,1,30
1220012200,1220022100,1220004700,영동대로3길,0,1,30
1220012300,1220004700,1220022100,영동대로3길,0,1,30
1220016800,1220001000,1220024200,양재천로,1,1,30
1220017300,1220024400,1220006200,개포로,4,2,60
1220017202,1220006200,1220024400,개포로,13,2,60
1220014600,1220005500,1220022100,영동대로4길,1,1,30
1220014700,1220022100,1220005500,영동대로4길,3,1,30
1220015900,1220005500,1220006000,개포로110길,3,1,40
1220015800,1220006000,1220005500,개포로110길,0,1,40
1220016400,1220006200,1220005500,개포로110길,2,1,40
1220016500,1220005500,1220006200,개포로110길,1,1,40
1220019601,1220027700,1220006200,개포로109길,3,1,60
1220019701,1220006200,1220027700,개포로109길,1,1,60
1220057200,1220028100,1220026000,개포로124길,0,1,30
1220057300,1220026000,1220028100,개포로124길,0,1,30
1220060000,1220029100,1220028600,남부순환로-삼성로_사이,0,1,60
1220060100,1220028600,1220029100,남부순환로-삼성로_사이,0,1,60
1220063600,1220032300,1220030900,삼성로63길,0,1,60
1220063500,1220030900,1220032300,삼성로63길,0,1,60
1220061900,1220029900,1220030400,선릉로64길,0,1,30
1220061800,1220030400,1220029900,선릉로64길,0,1,30
1220065300,1220034000,1220032100,선릉로72길,0,1,30
1220065200,1220032100,1220034000,선릉로72길,0,1,30
1220066300,1220033800,1220034400,선릉로85길,0,1,60
1220066400,1220034400,1220033800,선릉로85길,0,1,60
1220065900,1220033800,1220033400,언주로86길,0,1,60
1220065800,1220033400,1220033800,언주로86길,0,1,60
1220067100,1220034900,1220033800,테헤란로44길,0,1,60
1220067200,1220033800,1220034900,테헤란로44길,0,1,60
1220067000,1220034500,1220033800,언주로86길,0,1,60
1220066900,1220033800,1220034500,언주로86길,0,1,60
1220068000,1220034600,1220034400,선릉로85길,0,1,60
1220067900,1220034400,1220034600,선릉로85길,0,1,60
1220067700,1220034500,1220034400,테헤란로52길,0,1,60
1220067800,1220034400,1220034500,테헤란로52길,0,1,60
1220069900,1220035300,1220036200,삼성로85길,0,1,60
1220070000,1220036200,1220035300,삼성로85길,0,1,60
1220070200,1220036300,1220035300,테헤란로64길,0,1,60
1220070100,1220035300,1220036300,테헤란로64길,0,1,60
1220066800,1220034800,1220033500,삼성로75길,0,1,60
1220066700,1220033500,1220034800,삼성로75길,0,1,60
1220022300,1220029000,1220031100,역삼로,29,2,40
1220022200,1220031100,1220029000,역삼로,32,2,40
1220064700,1220032500,1220032900,테헤란로25길,0,1,60
1220066000,1220032900,1220033700,테헤란로25길,0,1,60
1220064300,1220032200,1220032600,강남대로94길,0,1,30
1220064400,1220032600,1220032200,강남대로94길,0,1,30
1220064500,1220036000,1220032200,봉은사로2길,0,1,30
1220064600,1220032200,1220036000,봉은사로2길,0,1,30
1220072400,1220036600,1220038400,봉은사로7길,0,1,30
1220072300,1220038400,1220036600,봉은사로7길,0,1,30
1220100700,1220058200,1220056500,언주로171길,0,1,60
1220100800,1220056500,1220058200,언주로171길,0,1,60
1220106000,1220061000,1220060100,논현로,117,2,60
1220083000,1220044900,1210047200,강남대로146길,0,1,30
1220082900,1210047200,1220044900,강남대로146길,0,1,30
1220081100,1220042100,1220045500,학동로11길,0,1,30
1220081000,1220045500,1220042100,학동로11길,0,1,30
1220078700,1220041100,1220041900,학동로6길,0,1,30
1220078600,1220041900,1220041100,학동로6길,0,1,30
1220075900,1220038400,1220040200,봉은사로7길,0,1,30
1220075800,1220040200,1220038400,봉은사로7길,0,1,30
1220073300,1210042500,1220038400,강남대로118길,0,1,30
1220073400,1220038400,1210042500,강남대로118길,0,1,30
1220076300,1220040200,1210043400,강남대로122길,0,1,30
1220076200,1210043400,1220040200,강남대로122길,0,1,30
1220077800,1220041100,1220040200,학동로6길,0,1,30
1220077900,1220040200,1220041100,학동로6길,0,1,30
1220078900,1220042600,1220041100,학동로20길,0,1,30
1220078800,1220041100,1220042600,학동로20길,0,1,30
1220079900,1220042800,1220043000,논현로127길,0,1,60
1220079800,1220043000,1220042800,논현로127길,0,1,60
1220081700,1220044200,1220043000,논현로131길,0,1,60
1220081600,1220043000,1220044200,논현로131길,0,1,60
1220092500,1220048600,1220052800,압구정로12길,12,1,40
1220092400,1220052800,1220048600,압구정로12길,8,1,40
1220089300,1220047300,1220048600,도산대로13길,12,1,40
1220089200,1220048600,1220047300,도산대로13길,8,1,40
1220098300,1220055700,1220054900,논현로189길,0,1,60
1220098200,1220054900,1220055700,논현로189길,0,1,60
1220099400,1220056400,1220055700,논현로189길,2,1,60
1220099300,1220055700,1220056400,논현로189길,4,1,60
1220105600,1220060600,1220060100,논현로190길,0,1,30
1220105500,1220060100,1220060600,논현로190길,0,1,30
1220107300,1220061200,1220061300,논현로190길,0,1,30
1220107400,1220061300,1220061200,논현로190길,0,1,30
1220036004,1220058700,1220058200,압구정로,67,3,60
1220036102,1220057800,1220058200,압구정로,60,3,60
1220036003,1220058200,1220057800,압구정로,67,3,60
1220102900,1220059600,1220057800,압구정로33길,0,2,30
1220102800,1220057800,1220059600,압구정로33길,0,1,30
1220036005,1220059000,1220058700,압구정로,67,3,60
1220106200,1220061300,1220060000,압구정로39길,0,1,60
1220106300,1220060000,1220061300,압구정로39길,0,1,60
1220095500,1220054200,1220053800,압구정로20길,0,1,30
1220095600,1220053800,1220054200,압구정로20길,0,1,30
1220093700,1220049800,1220054200,압구정로18길,0,1,30
1220093600,1220054200,1220049800,압구정로18길,0,1,30
1220089900,1220049800,1220048600,논현로151길,0,1,40
1220089800,1220048600,1220049800,논현로151길,0,1,40
1220086300,1220044900,1220046800,도산대로8길,0,1,30
1220086200,1220046800,1220044900,도산대로8길,0,1,30
1220087800,1220047500,1220045500,논현로145길,0,1,30
1220087700,1220045500,1220047500,논현로145길,0,1,30
1220088900,1220048400,1220048300,논현로149길,0,1,60
1220089000,1220048300,1220048400,논현로149길,0,1,60
1220086000,1220045200,1220046300,언주로133길,0,1,60
1220086100,1220046300,1220045200,언주로133길,0,1,60
1220029701,1220038300,1220042800,논현로,120,3,60
1220029601,1220042800,1220038300,논현로,56,3,60
1220078100,1220039100,1220041300,봉은사로37길,0,1,60
1220026303,1220035100,1220038300,논현로,136,3,60
1220026203,1220038300,1220035100,논현로,81,3,60
1220071000,1220036400,1220035100,언주로97길,0,1,30
1220070900,1220035100,1220036400,언주로97길,0,1,30
1220066100,1220034200,1220033200,테헤란로27길,0,2,60
1220066200,1220033200,1220034200,테헤란로27길,0,1,60
1220068300,1220034200,1220035200,논현로94길,0,1,60
1220068200,1220035200,1220033600,테헤란로37길,0,1,60
1220068100,1220033600,1220035200,테헤란로37길,0,1,60
1220069800,1220035800,1220035200,언주로93길,0,1,60
1220069700,1220035200,1220035800,언주로93길,0,1,60
1220076100,1220040600,1220038800,언주로108길,0,1,60
1220076000,1220038800,1220040600,언주로108길,0,1,60
1220027703,1220037900,1220041800,선릉로,38,3,60
1220027603,1220041800,1220037900,선릉로,30,2,60
1220030101,1220041800,1220042000,봉은사로,89,3,60
1220030001,1220042000,1220041800,봉은사로,53,3,60
1220079200,1220042900,1220041500,봉은사로49길,0,1,30
1220079300,1220041500,1220042900,봉은사로49길,0,1,30
1220079400,1220040600,1220042900,봉은사로43길,0,1,30
1220079500,1220042900,1220040600,봉은사로43길,0,1,30
1220083900,1220044000,1220045600,언주로130길,0,1,60
1220084000,1220045600,1220044000,언주로130길,0,1,60
1220080700,1220043900,1220042700,언주로126길,0,1,30
1220080600,1220042700,1220043900,언주로126길,0,1,30
1220083300,1220045600,1220043900,학동로46길,0,1,30
1220083400,1220043900,1220045600,학동로46길,0,1,30
1220083200,1220044700,1220044300,선릉로125길,0,1,30
1220083100,1220044300,1220044700,선릉로125길,0,1,30
1220084200,1220045100,1220044700,선릉로126길,0,1,30
1220084100,1220044700,1220045100,선릉로126길,0,1,30
1220085700,1220047200,1220045100,학동로60길,0,1,30
1220085600,1220045100,1220047200,학동로60길,0,1,30
1220086600,1220047000,1220045100,학동로56길,0,1,30
1220086700,1220045100,1220047000,학동로56길,0,1,30
1220081900,1220044500,1220043200,선릉로120길,2,1,30
1220081800,1220043200,1220044500,선릉로120길,0,1,30
1220087100,1220044500,1220047700,학동로68길,0,2,30
1220087000,1220047700,1220044500,학동로68길,0,2,30
1220085000,1220046000,1220044500,삼성로119길,2,1,30
1220084900,1220044500,1220046000,삼성로119길,0,1,30
1220089700,1220049200,1220048100,삼성로133길,0,1,60
1220089600,1220048100,1220049200,삼성로133길,0,1,60
1220088600,1220047400,1220047200,선릉로132길,0,1,60
1220088700,1220047200,1220047400,선릉로132길,0,1,60
1220033502,1220047400,1220050900,선릉로,17,2,60
1220033402,1220050900,1220047400,선릉로,33,2,60
1220032103,1220046600,1220046900,학동로,69,3,60
1220032003,1220046900,1220046600,학동로,71,3,60
1220088100,1220046700,1220047400,선릉로131길,0,1,60
1220088200,1220047400,1220046700,선릉로131길,0,1,60
1220089500,1220049600,1220048300,언주로147길,0,1,40
1220089400,1220048300,1220049600,언주로147길,0,1,40
1220090500,1220049700,1220048800,언주로146길,0,1,60
1220090400,1220048800,1220049700,언주로146길,0,1,60
1220090900,1220050300,1220049700,도산대로50길,0,1,60
1220090800,1220049700,1220050300,도산대로50길,0,1,60
1220091400,1220051500,1220049700,도산대로46길,0,1,60
1220091500,1220049700,1220051500,도산대로46길,0,1,60
1220092000,1220050900,1220050300,선릉로145길,0,1,60
1220091900,1220050300,1220050900,선릉로145길,0,1,60
1220033403,1220052200,1220050900,선릉로,33,2,60
1220033503,1220050900,1220052200,선릉로,17,2,60
1220092900,1220052000,1220050900,선릉로146길,0,1,60
1220092800,1220050900,1220052000,선릉로146길,0,1,60
1220094000,1220052000,1220052600,선릉로148길,0,1,30
1220094100,1220052600,1220052000,선릉로148길,0,1,30
1220026400,1220001700,1220034700,역삼로,15,2,60
1220026500,1220034700,1220001700,역삼로,17,2,60
1220070600,1220035600,1220035800,언주로94길,0,1,60
1220070500,1220035800,1220035600,언주로94길,0,1,60
1220070400,1220036100,1220035600,선릉로93길,0,1,60
1220070300,1220035600,1220036100,선릉로93길,0,1,60
1220071400,1220036700,1220036100,선릉로93길,0,1,60
1220071300,1220036100,1220036700,선릉로93길,0,1,60
1220027602,1220037900,1220036700,선릉로,30,2,60
1220027702,1220036700,1220037900,선릉로,38,2,60
1220073800,1220037300,1220037900,선릉로100길,0,1,60
1220073700,1220037900,1220037300,선릉로100길,0,1,60
1220071700,1220037100,1220036300,테헤란로63길,0,1,60
1220071800,1220036300,1220037100,테헤란로63길,0,1,60
1220073600,1220037600,1220037300,선릉로100길,0,1,60
1220073500,1220037300,1220037600,선릉로100길,0,1,60
1220075600,1220038500,1220039300,삼성로95길,0,1,60
1220075700,1220039300,1220038500,삼성로95길,0,1,60
1220078200,1220042000,1220038500,봉은사로68길,0,1,60
1220078300,1220038500,1220042000,봉은사로68길,0,1,60
1220082400,1220042200,1220044600,봉은사로73길,0,1,30
1220082500,1220044600,1220042200,봉은사로73길,0,1,30
1220029302,1220039300,1220042400,삼성로,63,3,60
1220029202,1220042400,1220039300,삼성로,46,3,60
1220077500,1220039300,1220041000,삼성로96길,0,1,60
1220077600,1220041000,1220039300,삼성로96길,0,1,60
1220072600,1220038100,1220038700,영동대로85길,0,1,30
1220072500,1220038700,1220038100,영동대로85길,0,1,30
1220073100,1220038100,1220037500,영동대로81길,0,1,30
1220073200,1220037500,1220038100,영동대로81길,0,1,30
1220080800,1220042500,1220043700,영동대로106길,0,1,30
1220080900,1220043700,1220042500,영동대로106길,0,1,30
1220069000,1220037000,1220033300,도곡로101길,0,1,60
1220069100,1220033300,1220037000,도곡로101길,0,1,60
1220027002,1220037700,1220037000,역삼로107길,12,2,60
1220027102,1220037000,1220037700,역삼로107길,21,2,60
1220028401,1220039600,1220037700,테헤란로114길,15,1,40
1220028501,1220037700,1220039600,테헤란로114길,1,1,40
1220028402,1220041400,1220039600,테헤란로114길,15,1,40
1220028502,1220039600,1220041400,테헤란로114길,1,1,40
1220079000,1220043100,1220041000,테헤란로87길,8,2,60
1220079100,1220041000,1220043100,테헤란로87길,26,3,60
1220030901,1220042400,1220043100,봉은사로,93,3,60
1220030801,1220043100,1220042400,봉은사로,61,3,60
1220088500,1220048500,1220047100,삼성로126길,0,1,60
1220088400,1220047100,1220048500,삼성로126길,0,1,60
1220033302,1220048500,1220049500,학동로,71,3,60
1220033202,1220049500,1220048500,학동로,51,3,60
1220034002,1220053000,1220049200,삼성로,45,3,60
1220034102,1220049200,1220053000,삼성로,58,3,60
1220095200,1220052500,1220053500,도산대로94길,0,1,30
1220095100,1220053500,1220052500,도산대로94길,0,1,30
1220096100,1220051800,1220053400,도산대로49길,0,1,60
1220096200,1220053400,1220051800,도산대로49길,0,1,60
1220094600,1220052300,1220051500,도산대로45길,0,1,60
1220094700,1220051500,1220052300,도산대로45길,0,1,60
1220036201,1220059000,1220058900,압구정로,67,3,60
1220101400,1220057100,1220057700,언주로172길,0,1,60
1220101300,1220057700,1220057100,언주로172길,0,1,60
1220100300,1220058600,1220057100,압구정로46길,0,1,60
1220100200,1220057100,1220058600,압구정로46길,0,1,60
1220098900,1220055400,1220058000,압구정로50길,0,1,60
1220098800,1220058000,1220055400,압구정로50길,0,1,60
1220035501,1220052200,1220052700,선릉로,38,3,60
1220035401,1220052700,1220052200,선릉로,29,3,60
1220095400,1220052400,1220052700,선릉로152길,0,1,60
1220095300,1220052700,1220052400,선릉로152길,0,1,60
1220097900,1220056300,1220055400,압구정로60길,0,1,60
1220097800,1220055400,1220056300,압구정로60길,0,1,60
1220102200,1220057200,1220059200,압구정로61길,0,1,30
1220102300,1220059200,1220057200,압구정로61길,0,1,30
1220035902,1220054300,1220056100,압구정로,68,3,60
1220035802,1220056100,1220054300,압구정로,30,3,60
1220099700,1220054700,1220057200,도산대로81길,0,1,30
1220099600,1220057200,1220054700,도산대로81길,0,1,30
1220097500,1220055900,1220054700,압구정로79길,0,1,30
1220097400,1220054700,1220055900,압구정로79길,0,1,30
1220101900,1220059200,1220056200,선릉로190길,0,1,30
1220102000,1220056200,1220059200,선릉로190길,0,1,30
1220103000,1220059500,1220059200,선릉로190길,0,1,30
1220103100,1220059200,1220059500,선릉로190길,0,1,30
1220104300,1220059900,1220059500,선릉로189길,0,1,30
1220104400,1220059500,1220059900,선릉로189길,0,1,30
1220004801,1220055300,1220054500,영동대로,86,3,60
1220033900,1220049500,1220009700,학동로,0,2,30
1220033800,1220009700,1220049500,학동로,0,2,30
1220088000,1220046500,1220047600,봉은사로113길,10,1,40
1220084700,1220044400,1220045700,영동대로112길,0,1,30
1220084800,1220045700,1220044400,영동대로112길,0,1,30
1220031401,1220044800,1220043800,봉은사로,64,3,60
1220031501,1220043800,1220044800,봉은사로,94,3,60
1220010801,1220016900,1220003900,일원로,6,2,60
1220010901,1220003900,1220016900,일원로,7,2,60
1220044400,1220000300,1220014400,양재대로16길,0,1,30
1220044500,1220014400,1220000300,양재대로16길,0,1,30
1220047700,1220017100,1220019100,양재대로,66,3,60
1220047800,1220019100,1220017100,양재대로,49,3,60
1220063700,1220031600,1220031400,남부순환로,59,2,60
1220043200,1220014300,1220013300,언주로,158,2,50
1220043300,1220013300,1220014300,언주로,107,2,50
1220102100,1220058800,1220057100,압구정로42길,0,1,60
1220098000,1220057100,1220052300,압구정로42길,0,1,60
1220008005,1220000500,1220016700,광평로,18,2,60
1220008003,1220015600,1220015400,광평로,18,3,60
1220008103,1220015400,1220015600,광평로,8,3,60
1220008004,1220016700,1220015600,광평로,18,3,60
1220008104,1220015600,1220016800,광평로,8,3,60
1220085800,1220045000,1220046500,테헤란로115길,59,3,40
1220079600,1220043700,1220041400,봉은사로114길,13,2,40
1220076900,1220037700,1220041600,역삼로107길,23,2,40
1220008802,1220004200,1210020600,논현로28길,8,2,60
1220008900,1210020600,1220004200,논현로28길,5,2,60
1220009102,1210020600,1210026200,논현로,32,3,60
1220009000,1210026200,1210020600,논현로,36,3,60
1220019603,1220006500,1220006900,개포로-개포로109길_사이,4,2,60
1220019703,1220006900,1220006500,개포로-개포로109길_사이,1,2,60
1220019602,1220006900,1220027700,개포로109길,3,1,60
1220019702,1220027700,1220006900,개포로109길,1,1,60
1220046200,1220015500,1220016900,광평로9길,0,1,30
1220046300,1220016900,1220015500,광평로9길,0,1,30
1220046600,1220017300,1220016300,광평로31길,0,1,30
1220046700,1220016300,1220017300,광평로31길,0,1,30
1220052800,1220023300,1220019600,삼성서울병원내부도로,0,1,30
1220052700,1220064400,1220023300,삼성서울병원내부도로,0,1,30
1220046500,1220017000,1220016600,언주로,3,1,30
1220047500,1220018000,1220017000,언주로,3,1,30
1220047100,1220017000,1220017400,언주로,106,1,30
1220047400,1220017600,1220017400,언주로,106,1,30
1220047900,1220017400,1220018400,언주로,106,1,30
1220053100,1220022600,1220022400,선릉로,0,1,30
1220052400,1220022000,1220022400,선릉로,0,1,30
1220051400,1220022000,1220020300,선릉로,1,1,30
1220053900,1220023200,1220022000,선릉로,1,2,30
1220054000,1220022400,1220023200,선릉로,0,1,30
1220055200,1220024700,1220023800,삼성로-양재천로_연결길,1,1,30
1220055300,1220024200,1220024800,양재천로-삼성로_연결길,14,1,30
1220048000,1220018900,1220064200,영동대로-양재대로,58,1,30
1220048700,1220018700,1220018800,양재대로-영동대로,29,1,30
1220047600,1220016800,1220018600,광평로,11,1,30
1220047000,1220064300,1220016700,양재대로-광평로,18,1,30
1220057000,1220027800,1220025800,남부순환로,5,1,40
1220058300,1220027500,1220028400,남부순환로,39,1,40
1220057600,1220027500,1220026900,남부순환로,13,1,40
1220057100,1220026800,1220026200,남부순환로,5,1,40
1220056900,1220026600,1220027500,남부순환로,95,2,40
1220056600,1220025300,1220026400,남부순환로,112,1,40
1220056100,1220026100,1220025400,남부순환로,18,1,40
1220055800,1220025100,1220025300,남부순환로,61,1,40
1220055000,1220023400,1220025300,남부순환로,7,1,40
1220038300,1220011600,1220011300,헌릉로,79,1,30
1220038200,1220011200,1220011500,헌릉로,39,1,30
1220037700,1220010600,1220010900,헌릉로,59,1,30
1220037600,1220011000,1220010500,헌릉로,29,1,30
1220097300,1220055300,1220054600,영동대로,63,2,30
1220095800,1220054100,1220052900,영동대로,36,2,30
1220045000,1220014900,1210019900,양재천로-논현로_연결길,21,1,30
1220052000,1220021900,1220021000,언주로,99,1,30
1220051300,1220020800,1220020500,언주로,180,1,30
1220051700,1220020600,1220021500,언주로,100,1,30
1220052100,1220021700,1220022300,언주로,93,1,30
1220075000,1220039100,1220038800,언주로107길,0,1,60
1220075100,1220038800,1220039100,언주로107길,0,1,60
1220036601,1220058300,1220010000,논현로,19,2,40
1220036703,1220010000,1220058300,논현로,45,2,40
1220102400,1220059400,1220010000,압구정로29길,0,1,60
1220102500,1220010000,1220059400,압구정로29길,0,1,60
1220034505,1220055200,1220010000,논현로,32,2,60
1220034405,1220010000,1220055200,논현로,14,2,60
1220077100,1220040800,1220038900,테헤란로104길,0,1,60
1220077200,1220038900,1220040800,테헤란로104길,0,1,60
1220073000,1220038900,1220036900,테헤란로104길,0,1,30
1220072900,1220036900,1220038900,테헤란로104길,0,1,30
1220043900,1220014600,1220013800,자곡로,34,3,60
1220043800,1220013800,1220014600,자곡로,9,3,60
1220052300,1220023000,1220020700,광평로,82,3,60
1220052200,1220020700,1220023000,광평로,50,3,60
1220013203,1220021800,1220020700,광평로,82,2,60
1220007601,1210020600,1220003400,논현로,26,3,60
1220106100,1220060100,1220061100,논현로,133,2,60
1220037301,1220061500,1220002900,언주로,264,3,60
1220037202,1220062400,1220002900,언주로,124,3,60
1220079700,1220041600,1220045000,테헤란로115길,19,2,40
1220056200,1220025600,1220024500,밤고개로,3,1,40
1220004902,1220054500,1220056700,영동대로,193,3,60
1220037302,1220002900,1220062300,언주로,264,3,60
1220037201,1220002900,1220061600,언주로,124,3,60
1220004700,1220002500,1220053600,강남대로,16,1,40
1220004600,1210050500,1220051600,강남대로,15,1,40
1220087902,1220047600,1220046500,봉은사로113길,1,1,40
1220013305,1220020700,1220064500,광평로,50,1,60
1220051802,1220064400,1220023300,삼성서울병원내부도로,0,1,30
1220051902,1220023300,1220064400,삼성서울병원내부도로,0,1,30
1220093101,1210050300,1210049700,잠원로,15,3,60
1220110100,1220045000,1220041600,테헤란로115길,0,2,40
1220109800,1220041600,1220037700,역삼로107길,0,2,40
1220110000,1220041400,1220043700,봉은사로114길,0,2,40
1220110400,1220046500,1220045000,테헤란로115길,1,3,40
1220110700,1220052300,1220057100,압구정로42길,0,1,60
1220110800,1220057100,1220058800,압구정로42길,0,1,60
1220109600,1220035200,1220034200,논현로94길,0,1,60
1220109900,1220041300,1220039100,봉은사로37길,0,1,60
1220109500,1220033700,1220032900,테헤란로25길,0,1,60
1220109400,1220032900,1220032500,테헤란로25길,0,1,60
1220109300,1220033200,1220031700,논현로86길,0,1,60
1220109200,1220012300,1220012100,헌릉로758길,0,1,60
1220036704,1220058300,1220060100,논현로,45,2,60
1220036602,1220060100,1220058300,논현로,19,2,60
1220035700,1220055200,1220058300,논현로,48,2,60
1220035600,1220058300,1220055200,논현로,17,2,60
1220306300,1220013800,1220063200,자곡로,0,2,40
1220306400,1220063200,1220013800,자곡로,0,2,40
1220309900,1220148400,1220147200,밤고개로21길,0,2,40
1220310000,1220147200,1220148400,밤고개로21길,0,2,40
1220310900,1220014600,1220148400,헌릉로757길,4,2,50
1220311000,1220148400,1220014600,헌릉로757길,4,2,50
1220311700,1220148400,1220148500,헌릉로757길,4,2,50
1220311800,1220148500,1220148400,헌릉로757길,4,2,50
1220040901,1220148500,1220012600,헌릉로757길,4,2,30
1220041001,1220012600,1220148500,헌릉로757길,4,2,30
1220040902,1220012700,1220148500,헌릉로757길,0,2,30
1220041002,1220148500,1220012700,헌릉로757길,0,2,30
1220006713,1220012900,1220147200,밤고개로,0,3,60
1220006613,1220013800,1220147200,밤고개로,69,3,60
1220006723,1220147200,1220013800,밤고개로,0,3,60
1220006623,1220147200,1220012900,밤고개로,69,3,60