NODE_ID,NODE_TYPE,NODE_NAME,y좌표,x좌표
1220001100,108,동부간선도로-남부순환,127.0905476,37.49613282
1220000700,108,수서IC2,127.1036332,37.49113087
1220001500,108,동부간선도로-남부순환,127.077407,37.50055444
1220025600,108,수서IC6,127.0958642,37.4921093
1220058500,108,올림픽대로-일반국도47,127.051645,37.528632
1220053700,108,올림픽대로-일반국도47,127.0580233,37.52448394
1220061700,108,올림픽대로-논현로램프(,127.0265039,37.53380779
1220060500,108,올림픽대로-언주로램프(,127.0397706,37.53172129
1220060400,108,올림픽대로-언주로램프(,127.0381012,37.53187887
1220051400,101,한남IC_압구정로_진출_2,127.0184648,37.52207402
1220051600,101,한남IC_압구정로_진입_2,127.0183536,37.52214544
1220059700,108,올림픽대로-언주로램프(,127.0338849,37.53021597
1220061800,108,올림픽대로-언주로램프(,127.0316908,37.53359312
1220062100,108,올림픽대로-언주로램프(,127.0299166,37.53424845
1220056200,108,올림픽대로-선릉로동1길,127.0541666,37.527287
1220062300,108,올림픽대로-언주로램프(,127.0348332,37.53570601
1220061500,108,올림픽대로-언주로램프(,127.0343117,37.53231127
1220061600,108,올림픽대로-언주로램프(,127.0341815,37.53235774
1220002900,103,성수대교남단,127.0343446,37.53301009
1220062200,108,올림픽대로-언주로램프(,127.0330525,37.53439865
1220060800,108,올림픽대로-언주로램프(,127.0351566,37.53237364
1220061900,108,올림픽대로-언주로램프(,127.0365591,37.53325767
1220056700,108,올림픽대로-일반국도47,127.0559936,37.527907
1220055800,108,올림픽대로-일반국도47,127.0560969,37.5261042
1220001400,108,동부간선도로-남부순환,127.0827252,37.49914093
1220001300,108,동부간선도로-남부순환,127.0844605,37.49802098
1220061000,108,올림픽대로-논현로램프(,127.0229085,37.53339427
1220059300,108,올림픽대로-논현로램프(,127.022078,37.52916162
1220050100,108,동부간선도로-올림픽대,127.0626641,37.52159722
1220001900,108,동부간선도로-올림픽대,127.067938,37.50881306
1220047800,108,동부간선도로-올림픽대,127.0658185,37.517892
1220002200,108,올림픽대로-봉은사로북6,127.0647059,37.51877585
1220051900,101,한남IC_압구정로_진입_1,127.0196415,37.52267862
1220002500,101,한남IC_압구정로_진출_1,127.0195626,37.52276683
1220025000,108,수서IC3,127.1037368,37.49122627
1220059800,108,올림픽대로-언주로램프(,127.0340231,37.53022711
1220062400,108,올림픽대로-언주로램프(,127.0346974,37.53571277
1220056900,108,올림픽대로-일반국도47,127.0558525,37.52792068
1220061100,108,올림픽대로-논현로램프(,127.0231311,37.53348732
1220013100,104,구룡터널(북측),127.0605619,37.47420147
1220002400,104,청담대교(남단),127.0631715,37.52179742
1220055000,108,한남IC5,127.0215578,37.52808722
1220053600,108,한남IC4,127.0169114,37.52376687
1220054400,108,한남IC6,127.0200272,37.52677777
1220053900,108,한남IC7,127.0169213,37.52424444
1220054000,108,올림픽대로-일반국도47,127.0556959,37.52555835
1220047900,105,강남구-송파구경계(10),127.0675929,37.51835126
1220054800,105,강남구-광진구경계(1),127.0637824,37.52515837
1220015900,105,강남구-송파구경계(3),127.1125666,37.48286666
1220053300,108,올림픽대로-일반국도47,127.0584938,37.52395012
1220058400,108,올림픽대로-논현로램프(,127.0236398,37.53087114
1220060700,108,올림픽대로-논현로램프(,127.024661,37.53218446
1220027000,104,수서지하차도(북측),127.0990002,37.4934911
1220025700,104,수서지하차도(남측),127.101773,37.49218419
1220010400,104,세곡터널(북측),127.0936453,37.46218178
1220003400,104,영동2교(북단),127.043625,37.48045219
1220048000,108,올림픽대로-봉은사로북6,127.0671933,37.51820561
1220010700,108,용인서울고속국도-헌릉,127.0926131,37.46416023
1220030700,104,탄천2고가교(남단),127.0862681,37.49787837
1220062700,103,자곡IC진출입_차선변화,127.1124764,37.48076713
1220062900,108,동부간선-밤고개로서20,127.108953,37.48514584
1220063000,108,동부간선-밤고개로서20,127.1082135,37.48631013
1220063200,101,휘여울소교,127.0953399,37.46511478
1220063600,101,탄천물재생센터삼거리,127.0858041,37.49570462
1220063700,101,남부순환도로진입교차,127.0885843,37.496731
1220063100,101,은곡교,127.0932834,37.46443827
1220063400,104,세곡1교(서측),127.1000376,37.46553484
1220063300,101,세곡리엔파크2단지아파,127.1037226,37.46517554
1220063500,103,탄천제2호공영주차장앞,127.0867241,37.49385327
1220028100,101,중동빌딩앞,127.0824786,37.49461921
1220011400,101,"세곡1교(동측),은곡마을(",127.1015317,37.46538803
1220011700,101,은곡교,127.0930819,37.46478887
1220037700,101,강남운전면허시험장_역,127.0675455,37.50707986
1220017800,101,밤고개로_밤고개로5길_,127.1029604,37.48628998
1220018500,101,밤고개로5길_밤고개로_,127.1026828,37.48661368
1220018300,101,밤고개로_밤고개로5길_,127.1032794,37.48650637
1220024800,101,양재천길-삼성로_진입,127.064825,37.49157743
1220024700,101,삼성로-양재천길_진출,127.0647001,37.49153513
1220015400,103,수정빌딩앞,127.0791828,37.4826236
1220024200,101,양재천길-삼성로_진출,127.0660082,37.49092158
1220023800,101,삼성로-양재천길_진입,127.0640832,37.49056534
1220022600,101,양재천길-선릉로_진출,127.057244,37.48898316
1220020300,101,선릉로-양재천길_진입,127.0550854,37.48776636
1220022400,101,양재천길-선릉로_진입,127.0562609,37.4891052
1220022000,101,선릉로-양재천길_진출,127.0557534,37.48859767
1220017600,101,양재천길-언주로_진출_1,127.0521604,37.48603087
1220016600,101,언주로-양재천길_진입,127.0504417,37.48500171
1220017400,101,양재천길-언주로_진출_2,127.0514345,37.48607734
1220017000,101,언주로-양재천길_진출_2,127.0509361,37.48562341
1220018400,101,양재천길-언주로_진입,127.0509177,37.48654564
1220018000,101,언주로-양재천길_진출_1,127.0507928,37.48650343
1220023300,103,삼성의료원별관,127.0871535,37.4897334
1220016700,101,양재대로_광평로_진입,127.0758429,37.48520326
1220011500,101,세곡동사거리_국가지원,127.1084854,37.46563405
1220055500,101,현대고등학교,127.0208442,37.52609193
1220044900,101,논현아파트,127.0225701,37.51523814
1220046800,101,국민연금관리공단,127.0219255,37.51712528
1220055200,104,압구정고가차도(남측),127.0284073,37.52500385
1220014400,102,도선여객정비공장,127.0664592,37.47773322
1220047600,108,올림픽대로-봉은사로북6,127.0653697,37.51802813
1220052900,101,영동대교남단삼거리_일,127.054765,37.52415741
1220054100,101,영동대교남단삼거리_도,127.0530432,37.52485408
1220054600,101,영동대교남단삼거리_도,127.053025,37.52496123
1220055300,101,영동대교남단삼거리_일,127.0545672,37.52563686
1220018600,101,광평로_양재대로_진입,127.0763463,37.48661961
1220018700,101,양재대로_영동대로_진출,127.0762687,37.4867083
1220018800,101,양재대로_영동대로_진입,127.0752835,37.486864
1220018900,101,영동대로_양재대로_진출,127.0751588,37.48682133
1220011200,101,세곡동사거리_헌릉로_진,127.1094582,37.46487906
1220010900,101,세곡동사거리_헌릉로_진,127.1094662,37.46477113
1220010600,101,세곡동사거리_국가지원,127.1081862,37.46370394
1220010500,101,세곡동사거리_국가지원,127.1080514,37.46371573
1220011000,101,세곡동사거리_헌릉로_진,127.1070804,37.46479273
1220011300,101,세곡동사거리_헌릉로_진,127.1070968,37.46490005
1220022300,101,매봉터널_언주로_진입_1,127.0496792,37.48888033
1220021700,101,매봉터널_남부순환로_진,127.0504383,37.48874993
1220021500,101,매봉터널_남부순환로_진,127.0503974,37.48860728
1220020600,101,매봉터널_언주로_진출_1,127.050154,37.4880012
1220020500,101,매봉터널_언주로_진입_2,127.0500193,37.48797788
1220020800,101,매봉터널_남부순환로_진,127.0493188,37.4881091
1220021000,101,매봉터널_남부순환로_진,127.0492976,37.48822478
1220021900,101,매봉터널_언주로_진출_2,127.0495565,37.48883893
1220014200,101,두로빌딩,127.0487762,37.47732398
1220013200,101,(주)동원산업,127.0498355,37.47445873
1220014100,101,창빌딩,127.0476318,37.47657065
1220000100,101,구룡사앞,127.0510469,37.47151073
1220006300,101,서초우성아파트입구사,127.0299687,37.49304816
1220030600,104,대치교(동단),127.0743091,37.49779744
1220030300,104,대치교(서단),127.0731119,37.4974406
1220014800,105,강남구-송파구경계(2),127.1154616,37.47884888
1220016400,104,영동3교(남단),127.0519009,37.48456334
1220019400,104,영동4교(남단),127.0566498,37.48704531
1220026300,104,영동6교(남단),127.072015,37.49279162
1220043700,101,서울의료원별관,127.0658536,37.51420243
1220045700,101,동일파크스위트,127.0661311,37.51598947
1220024600,102,대진전자공예고등학교,127.0954612,37.49151517
1220038400,101,동진빌라,127.0270966,37.50741593
1220055900,101,영동대교남단삼거리_압,127.0545551,37.52644768
1220044400,101,하와이호텔,127.0598947,37.51491288
1220023000,105,강남구-송파구경계(4),127.1078233,37.4892362
1220062500,105,강남구-성동구경계(1),127.0219607,37.5349379
1220062600,105,강남구-성동구경계(2),127.0352641,37.53883254
1220058100,105,강남구-광진구경계(2),127.0563192,37.52861698
1220045400,105,강남구-송파구경계(9),127.0679162,37.51556017
1220041700,105,강남구-송파구경계(8),127.0685761,37.51024943
1220034300,105,강남구-송파구경계(7),127.0726607,37.50268662
1220032400,105,강남구-송파구경계(6),127.0827067,37.50028604
1220027200,105,강남구-송파구경계(5),127.1017131,37.49357606
1220012400,105,강남구-송파구경계(1),127.1224992,37.46875227
1220042500,101,아이파크타워,127.0608803,37.51312227
1220036800,101,KTF타워,127.0529381,37.50572673
1220043900,101,호사장주택,127.0391483,37.51437114
1220032900,101,우신빌딩,127.0352567,37.50112433
1220032200,101,과학기술회관,127.0305525,37.50008506
1220032600,101,현대해상강남사옥,127.0336227,37.50062419
1220033000,101,성진빌딩,127.0526717,37.50116074
1220033100,101,개나리아파트(5차),127.0505472,37.50123319
1220033500,101,오가빌딩,127.052349,37.50182838
1220034000,101,대일빌딩,127.0589458,37.50254136
1220059200,101,한양아파트71동,127.0447452,37.52959737
1220057200,101,청담초교정문,127.0440437,37.52772985
1220054700,101,횃불교회,127.0478494,37.52509653
1220054300,101,진빌딩,127.0469634,37.524992
1220053500,101,청담빌딩,127.0504418,37.52462273
1220053200,101,송담빌딩,127.0482447,37.52435665
1220052600,101,CJ미디어,127.0446347,37.52389082
1220052500,101,현대 오피스텔,127.0550376,37.52376632
1220052000,101,금구빌딩,127.0415328,37.52268393
1220051100,101,CNJ빌딩,127.0313369,37.5217098
1220049900,101,선호빌딩,127.0281452,37.52071056
1220049800,101,강석빌딩,127.0274942,37.52042107
1220049700,101,논현동한진로즈힐아파,127.0369044,37.52030394
1220049600,101,세종빌딩,127.0344576,37.52020098
1220048600,101,한교빌딩,127.0231122,37.51952089
1220047700,101,푸른솔아파트,127.046439,37.51815506
1220047500,101,희성빌딩,127.0288844,37.51795659
1220047000,101,천마빌딩,127.0422246,37.51738902
1220046700,101,논현빌딩,127.0378787,37.51698046
1220046600,101,강남파라곤,127.0398,37.51678435
1220045800,101,고영빌딩,127.0400111,37.51605532
1220045600,101,강남교회,127.038525,37.51559453
1220045500,101,퀸스빌,127.0236309,37.51557065
1220045100,101,브라운스톤 레전드,127.0429556,37.51534626
1220044700,101,성부빌딩,127.0420667,37.5151213
1220044600,101,대명빌딩,127.0522517,37.51505406
1220044500,101,기독교한국침례회새국,127.0473189,37.51506925
1220044300,101,주택공사(서울지사),127.0405087,37.51472135
1220043600,101,진흥상호저축은행,127.0424208,37.51415569
1220043300,101,논현중원빌라,127.0408604,37.51380295
1220043200,101,서경빌딩,127.0426045,37.51368719
1220042900,101,이모스 빌딩,127.0410308,37.5133273
1220042600,101,원일빌딩,127.0279312,37.51313077
1220042200,101,차관아파트앞,127.0510574,37.51238225
1220041900,101,일심빌딩,127.0234509,37.51174947
1220041500,101,남전빌딩,127.0423935,37.50984124
1220041100,101,논현동에스씨주택,127.0263155,37.50943945
1220040200,101,상명빌딩,127.0269401,37.50891187
1220039500,101,슈페리어사옥,127.0619928,37.50852814
1220038100,101,대치동송석빌딩,127.0626931,37.50719522
1220037600,101,삼성오피스텔,127.0523061,37.50697857
1220037500,101,코스모타워,127.064207,37.50694346
1220036900,101,코니빌딩,127.064778,37.50591178
1220036600,101,거평타운오피스텔,127.0278007,37.50550748
1220036200,101,롯데캐슬아파트,127.0558343,37.50494971
1220036000,101,신논현역,127.0252893,37.50476019
1220035300,101,기독교TV,127.0515243,37.50355947
1220035100,101,강남제일병원,127.0356918,37.50347446
1220034800,101,대치파출소,127.0563715,37.50314722
1220013800,101,못골마을,127.1062931,37.47555408
1220019500,101,타워팰리스입구,127.0538322,37.48695236
1220010800,108,용인서울고속국도-헌릉,127.0923066,37.4641764
1220012700,101,성모자애 장애인 복지관,127.1185143,37.4709598
1220012600,101,강남자동차매매시장입,127.1206935,37.46927335
1220019600,101,삼성의료원,127.0837534,37.4870754
1220013000,102,명가주택,127.0953594,37.4727434
1220012500,101,강남자동자매매장,127.1196729,37.46883026
1220011600,101,세곡동사거리_국가지원,127.1083504,37.46564377
1220021200,101,삼성엔지니어링 사옥,127.0528758,37.48831163
1220027700,101,대청프라자,127.0772816,37.49423025
1220026700,101,서울강남우체국,127.0778429,37.49310944
1220032000,101,한국타이어빌딩,127.0339411,37.4999125
1220031800,101,한솔필리아,127.0476676,37.4995132
1220012200,101,성모재활원(연동),127.1203125,37.46760308
1220027100,101,문진미디어빌딩,127.0403703,37.49351649
1220023100,101,강남스포츠문화센터,127.1053432,37.48943544
1220021400,101,경남아파트,127.0414521,37.48848664
1220019200,101,수서환승주차장,127.1003333,37.48697691
1220019000,101,삼성의료원정문,127.0827602,37.48678586
1220030200,102,엘지개포자이,127.0771827,37.49701473
1220031900,101,성보빌딩,127.0359561,37.49979938
1220021300,101,수서전화국,127.0983696,37.48836601
1220017500,101,백광빌딩,127.0380227,37.48605186
1220017200,101,궁마을삼거리,127.0979218,37.48571307
1220023500,101,미진빌딩,127.03288,37.48993995
1220024000,101,동부교회,127.033163,37.49063002
1220027900,101,역삼동 M-MOTERS 빌딩,127.0447809,37.49445416
1220028500,101,백안빌딩,127.0463903,37.49494804
1220030400,101,삼미빌딩,127.052279,37.49761957
1220030500,101,역삼동 HM다세대주택,127.0485591,37.49778906
1220031200,101,중앙빌딩,127.0516919,37.4988249
1220032100,101,대치 E.M 프라자,127.05117,37.49992745
1220054900,101,한남IC_미성길_진입,127.018898,37.52518352
1220036400,101,영동전화국,127.0415912,37.50521565
1220056100,101,갤러리아주유소,127.0437559,37.52703385
1220060000,101,구정고교,127.0317748,37.53104437
1220021600,101,수서삼익아파트4단지상,127.1021647,37.4885085
1220013300,104,개포지하차도(남측),127.0598905,37.47485695
1220021800,101,수서우체국앞,127.1059781,37.48864785
1220035000,101,능현오피스텔,127.0475981,37.50318445
1220034500,101,성보아파트,127.0476938,37.5029794
1220052300,101,하이츠파크,127.0341209,37.5232943
1220020400,101,타워팰리스앞,127.0517536,37.48779362
1220059100,101,신현대아파트117동,127.0231979,37.52935625
1220055700,101,미성1차아파트,127.0205839,37.52644241
1220056400,101,신사공원,127.0217784,37.52740411
1220013400,101,서울포이초등학교,127.0509736,37.47520346
1220033800,101,연신자동차공업사,127.0448307,37.50226435
1220012100,101,대왕교(선단),127.1218782,37.46686317
1220059900,101,한양아파트11동,127.0401248,37.53101316
1220060200,101,한양아파트3동,127.037904,37.53153359
1220061300,101,현대아파트우체국입구,127.0315826,37.53305405
1220059400,101,현대77동앞,127.0277154,37.53026228
1220014500,101,개포한라아파트,127.0569241,37.47786812
1220014300,104,개포지하차도(북측),127.0574546,37.47733744
1220059600,101,압구정제1동사무소,127.0303423,37.53073007
1220015000,101,강남공고,127.0842908,37.48138996
1220017300,101,왕북초교,127.0861341,37.48581677
1220054200,101,벽당빌딩,127.0238905,37.5248881
1220037300,101,정든빌딩,127.0502367,37.50677922
1220057100,101,신사동640빌딩,127.0352499,37.52773161
1220035200,101,남전타운,127.0405211,37.50352707
1220043500,101,JSM빌딩,127.0333628,37.51401399
1220060600,101,신사시장,127.0271279,37.53216834
1220034200,101,주원빌딩,127.0377018,37.50259232
1220036100,101,우리빌딩,127.0467927,37.5048139
1220038900,101,육인빌딩,127.0652776,37.50805676
1220060300,101,한양아파트41동,127.0364314,37.53187733
1220051700,101,청록빌라,127.0313672,37.52241066
1220052800,101,현대고,127.022417,37.52413775
1220035600,101,이환빌딩,127.043924,37.50393892
1220050300,101,강남수산물직판장,127.0375648,37.52118697
1220045200,101,논현골입구,127.0326751,37.51538254
1220037100,101,삼성동 빌딩,127.0502273,37.50622854
1220018200,101,수서아파트6단지607동,127.1043734,37.48646421
1220061200,101,압구정현대아파트77동,127.0295125,37.53279355
1220034400,101,진선여자고등학교,127.0487588,37.50268813
1220038500,101,마루빌딩,127.0535319,37.50751082
1220055600,101,카로시티2빌딩,127.0263083,37.52611587
1220041000,101,도심공항터미널,127.05855,37.50938693
1220012300,101,대곡교,127.1215023,37.46822407
1220026000,101,대청공원앞,127.0836429,37.49237751
1220031600,101,대치지하차도(동측),127.0822152,37.49880299
1220060100,101,압구정현대아파트,127.0245727,37.53121415
1220041600,101,강남소방서,127.0673849,37.5100451
1220044800,101,대웅제약,127.0660093,37.51528509
1220016200,101,대왕중교,127.0866522,37.48369947
1220016300,101,태화복지관앞,127.0930909,37.48444789
1220016900,101,중산고교입구,127.0833456,37.48548979
1220039600,101,강남경찰서,127.0669214,37.50856507
1220012900,101,방죽마을회관,127.1072239,37.47201331
1220020900,101,수서삼익아파트4단지입,127.1007641,37.48809848
1220020700,101,수서아파트6단지,127.1030691,37.48776604
1220020200,101,나산투루빌I,127.102542,37.4876151
1220011800,101,세곡삼거리,127.1175501,37.46624081
1220052700,101,키네마극장,127.0393697,37.52405074
1220024300,101,상준빌딩,127.0367848,37.49113672
1220033900,101,삼익빌딩,127.0566882,37.50246967
1220050900,101,영동고교,127.0396227,37.52167858
1220055400,101,한양타운앞,127.0399693,37.52576696
1220042000,101,자이언트호텔앞,127.0494815,37.51192164
1220037000,101,현대테니스,127.0672437,37.50593047
1220027400,101,도곡중,127.0451455,37.49372931
1220037200,101,동부금융센터,127.0550842,37.50639086
1220047100,101,웨어펀빌딩,127.0509605,37.51748264
1220031400,101,대치지하차도(서측),127.078164,37.49899932
1220027300,101,서정빌딩,127.0317641,37.49358408
1220019100,104,일원지하차도(동측),127.0778857,37.48743133
1220029100,101,은마상가,127.0625127,37.49590191
1220019300,101,우성캐릭터-빌,127.0504817,37.48722799
1220023700,101,대치초교,127.0617875,37.49018951
1220023200,101,타워팰리스,127.0558081,37.48964895
1220018100,101,우성캐릭터 199,127.0527622,37.48635686
1220015500,101,대모산입구,127.0798889,37.48273278
1220043100,101,봉은사삼거리,127.0563357,37.5135539
1220016800,101,광평로_양재대로_진출,127.075975,37.48522788
1220017100,101,일원지하차도(서측),127.07381,37.4850189
1220047200,101,삼성월드타워아파트,127.0437571,37.51766977
1220028700,101,진달래아파트,127.049838,37.49527111
1220028600,101,대곡초등학교,127.0649534,37.49503285
1220028200,101,역삼중,127.0484135,37.49478539
1220058600,101,극동Gallery,127.0369328,37.52879241
1220036300,101,금강타워,127.0507966,37.50506614
1220006900,101,대청아파트앞(수서경찰,127.0783353,37.49475402
1220015600,104,일원터널(남측),127.0772751,37.48278904
1220046000,101,삼광빌딩,127.0515926,37.51628803
1220035400,101,포스코 the #,127.058296,37.50375748
1220023600,101,옥신타워,127.0334051,37.49011144
1220035700,101,빅토리아오피스텔,127.0472051,37.50396268
1220042100,101,한주빌딩,127.0251793,37.51227954
1220052400,101,동궁타운앞,127.0413839,37.52347244
1220047400,101,강남구노인복지회관,127.0410157,37.51793298
1220030000,101,광진빌딩,127.0455174,37.49683194
1220014700,101,동진빌딩,127.0474717,37.4788116
1220029900,101,롯데백화점앞,127.054736,37.49687563
1220038700,101,삼성동현대백화점,127.0594375,37.50773802
1220052100,101,웅가프라자,127.0332768,37.52302992
1220026500,101,청실종합상가,127.0598387,37.49296778
1220046300,101,송암빌딩,127.0354014,37.51649972
1220048800,101,트리스빌딩,127.0347087,37.51965022
1220058900,101,치안센터,127.0352267,37.52911714
1220048500,101,청담역,127.0526272,37.51925911
1220033300,101,국민제1빌딩,127.0685911,37.5013512
1220058200,101,코끼리상가,127.0312574,37.52860935
1220053400,101,신한양빌딩,127.0395856,37.52465142
1220053800,101,KT신사지사앞,127.0283906,37.52455574
1220036700,101,성원빌딩,127.0484719,37.50567143
1220057700,101,(주)LG상사,127.0336022,37.52789658
1220044100,101,고려빌딩,127.0330411,37.51471018
1220030900,101,현민빌딩앞,127.0588972,37.49824239
1220033200,101,일월빌딩앞,127.0383924,37.50126544
1220041300,101,YMCA,127.0375185,37.50966678
1220045900,101,유경빌딩앞,127.0381896,37.51628903
1220044000,101,한국건설기술회관,127.0353842,37.51464147
1220032500,101,강남파이낸스센터,127.0356918,37.50044684
1220042700,101,우리은행논현2동지점,127.03537,37.51324688
1220014900,101,영동2교(북단)_양재천길_,127.0441677,37.48115483
1220039100,101,봉암빌딩,127.0372251,37.50830452
1220048100,101,강남세무서,127.0479895,37.51844528
1220058000,101,한양아파트36동,127.0383933,37.52842005
1220048400,101,앙드레김,127.0262538,37.51894094
1220051500,101,영부빌딩앞,127.0359657,37.52219596
1220043000,101,국제빌딩앞,127.0286136,37.51333562
1220050000,101,신천지빌딩,127.0317317,37.52085626
1220035500,101,세방빌딩,127.0493797,37.50372902
1220058300,104,압구정고가차도(북측),127.0268876,37.52872443
1220046200,101,한국산업경제연구원,127.0415467,37.5165125
1220038800,101,스포월드주유소,127.0393623,37.50776129
1220057900,101,갤러리아백화점(명품관,127.0391535,37.52820525
1220037900,101,선릉공원,127.0469736,37.50710596
1220040600,101,경복아파트후문,127.0400948,37.50916531
1220038600,101,사조빌딩,127.0638727,37.50754763
1220044200,101,아이캐슬빌딩,127.0304242,37.51470612
1220034600,101,진선여고,127.0497345,37.50296425
1220032300,101,우석빌딩,127.0602007,37.50019138
1220036500,101,이글빌딩,127.0573951,37.50544216
1220042800,101,기린건축백화점,127.0311012,37.51331612
1220039300,101,원혜빌딩,127.0557904,37.50845381
1220040800,101,삼성역 Iriver,127.0646731,37.50935283
1220028900,101,대림역삼아파트,127.0460863,37.49559208
1220058700,101,구정중교,127.0325687,37.52903094
1220048300,101,구산빌딩,127.0284592,37.51891884
1220033400,101,디오빌역삼,127.0433745,37.50137689
1220047300,101,영동호텔,127.0234461,37.51775911
1220035800,101,삼부오피스빌딩,127.0420435,37.50421494
1220051800,101,영동소방,127.0373846,37.5226568
1220056300,101,갤러리아백화점(명품관,127.0423229,37.5274015
1220031700,101,한은금융결재원,127.0375982,37.49936776
1220057800,101,우리은행압구정역지점,127.0301751,37.52810305
1220058800,101,YOHAN빌딩,127.0357726,37.52899209
1220049200,101,청담천주교회,127.0496436,37.51996175
1220033700,101,L.G강남타워앞,127.0363326,37.50213503
1220033600,101,서울르네상스호텔앞,127.0411786,37.50212987
1220056500,101,태승빌딩,127.0335482,37.52758191
1220034900,101,삼성제일빌딩,127.0443229,37.50307698
1220025500,108,수서IC5,127.0948837,37.49211997
1220026400,101,수서IC_남부순환로_진입_,127.1004398,37.49311514
1220025800,108,수서IC4,127.0944827,37.49217469
1220026600,101,수서IC_남부순환로_진출_,127.1003579,37.49320563
1220045000,108,동부간선도로-봉은사로,127.0665873,37.51543219
1220041400,101,스타디아빌딩,127.0664624,37.50989243
1220046500,108,올림픽대로-테헤란로북6,127.0662259,37.51660446
1220003700,101,개포1차주공아파트,127.0614637,37.48197945
1220001000,101,서울무역전시장,127.0712145,37.49425584
1220004200,101,개포제6공원,127.0463855,37.48492799
1220028400,101,수서IC_남부순환로_진입_,127.0946918,37.49474615
1220027800,101,수서IC_남부순환로_진출_,127.0946392,37.49464647
1220005300,101,개포3동사무소,127.0690435,37.48956805
1220003800,101,강남수도사업소,127.0476543,37.4832504
1220031100,101,개나리아파트,127.0447139,37.49854349
1220006600,101,역삼초교,127.0334219,37.49409318
1220001700,101,휘문고교,127.0651488,37.50522978
1220057300,101,갤러리아압구정,127.0407038,37.52781376
1220043400,101,학동역,127.0307352,37.5140004
1220052200,101,학동사거리,127.0391509,37.52319666
1220037400,101,포스코사거리,127.0566376,37.50686929
1220043800,101,코엑스,127.0602309,37.51426548
1220053000,101,청담사거리,127.0473766,37.5242378
1220048200,101,청담공원,127.0502476,37.51884535
1220038300,101,CHA 여성의학연구소,127.0338895,37.50732931
1220054500,101,영동대교남단삼거리,127.0545162,37.525067
1220010000,101,압구정역,127.0283806,37.52717607
1220048900,101,강남을지병원사거리,127.0281037,37.51970813
1220059000,101,성수대교남단사거리,127.0338093,37.52917667
1220035900,101,선릉역,127.0490277,37.50448759
1220045300,101,서울세관,127.0353879,37.51542693
1220040300,101,삼성역,127.0631551,37.50888752
1220041800,101,삼릉공원,127.0438706,37.51028768
1220039900,101,경복아파트,127.0384786,37.50867595
1220049500,101,경기고교앞,127.0570637,37.52008552
1220046900,101,강남구청역,127.0412907,37.51723201
1220020000,101,수서역,127.101689,37.48736195
1220011100,101,세곡동사거리,127.1082728,37.46476903
1220005100,101,삼성의료원앞,127.0818245,37.48880331
1220021100,101,매봉터널,127.0498597,37.48842717
1220017900,101,매봉역,127.0454058,37.48632535
1220034100,101,르네상스호텔,127.0427921,37.50261626
1220007700,101,도성초교,127.050864,37.50055602
1220025900,101,도곡1동사무소입구,127.0408963,37.49239586
1220028000,101,대치역,127.0632416,37.49452838
1220006500,101,대청역,127.0795588,37.49367408
1220029300,101,한티역,127.0529089,37.49629717
1220031500,101,국기원입구,127.0310323,37.49901218
1220013900,101,구룡터널,127.0587882,37.47600799
1220003500,101,구룡초교,127.0538009,37.48109623
1220000300,101,구룡마을입구,127.0647854,37.47923745
1220042400,101,차관아파트,127.0533321,37.51304394
1220050700,101,도산대로사거리,127.0338642,37.52154577
1220034700,101,대치사거리,127.0586456,37.5031065
1220029500,101,학여울역,127.0699454,37.49651279
1220000500,101,개포주공4단지아파트,127.0755561,37.48622139
1220003900,101,일원역,127.0838592,37.48330456
1220005700,101,일원1동사무소앞,127.0883266,37.4907004
1220031300,101,은마아파트입구,127.0609312,37.49887508
1220032800,101,대치우성아파트,127.0674597,37.50099903
1220006000,101,영희초교,127.0807787,37.49103346
1220027600,101,영동세브란스,127.0467436,37.49419961
1220022800,101,영동5교(남단),127.0660514,37.48914066
1220032700,101,역삼역,127.0369311,37.50082508
1220029000,101,역삼세무서,127.039254,37.49585332
1220022100,101,공무원연금매점,127.0741855,37.48876352
1220024400,101,대모산입구역,127.0727197,37.49141805
1220015300,101,개포3.4단지,127.0703225,37.4825477
1220007600,101,탄천1교(서단),127.0798632,37.49945363
1220059500,101,한양아파트81동,127.0416392,37.53055493
1220005500,101,일원초교,127.0772599,37.49058763
1220025300,101,수서IC_국가지원지방도23,127.0987473,37.49182999
1220017700,101,경기여고,127.0675326,37.48619329
1220023900,101,덕흥조경,127.0350837,37.49062946
1220004700,101,개포초교,127.0707885,37.48723555
1220024100,101,도곡역,127.0554122,37.49092811
1220027500,101,수서IC_남부순환로_진출_,127.0975075,37.49383156
1220026800,101,수서IC_남부순환로_진출_,127.0970339,37.49310723
1220026900,101,수서IC_남부순환로_진입_,127.0967059,37.49322551
1220026100,101,수서IC_남부순환로_진출_,127.0977741,37.49248786
1220026200,101,수서IC_남부순환로_진입_,127.0977527,37.49259463
1220009700,102,봉은초교,127.0600111,37.52109394
1220006200,101,수서경찰서,127.0762387,37.49259079
1220023400,101,수서IC_국가지원지방도23,127.0990615,37.48978901
1220016500,101,개포고교,127.0580197,37.48482283
1220024500,101,수서IC_국가지원지방도23,127.0980016,37.49109798
1220025100,101,수서IC_남부순환로_진출_,127.0975956,37.49179919
1220025400,101,수서IC_남부순환로_진입_,127.0975892,37.49218182
1220006400,101,대청초교,127.0869113,37.49347652
1220064200,101,영동대로_양재대로_진입,127.0746468,37.48568695
1220064300,101,양재대로_광평로_진출,127.0747338,37.48560395
1220064500,101,수서아파트6단지601동,127.1038045,37.48785648
1220064400,101,삼성의료원본관,127.0846874,37.48735283
1220063800,102,현대3차아파트63동,127.0335798,37.53257549
1220063900,102,현대3차아파트95동,127.0350644,37.53223393
1220064000,108,영동대로_올림픽대로_진,127.0553643,37.52329882
1220064100,108,올림픽대로_동부간선도,127.06659,37.51650979
1220116500,104,위례터널(서측),127.1140666,37.46548865
1220014600,101,숯내교(서단),127.1142276,37.47833408
1220147200,101,서울율현초교,127.10688,37.47332042
1220148400,101,서울세곡2지구,127.1168691,37.47454237
1220148500,101,율현2빗물펌프장,127.1192061,37.47122664
1220150600,104,구룡지하차도(동측),127.0550293,37.47402378
1210049800,101,한남IC_잠원로_진입_2,127.0172366,37.52143672
1210050600,108,한남IC10,127.0144201,37.52239584
1210015200,105,서초구-강남구경계(3),127.0653449,37.46939138
1210049700,101,한남IC_잠원로_진입_1,127.0164283,37.52110315
1210051100,108,한남IC8,127.0146791,37.5253724
1210050500,101,한남IC_강남대로_진출_2,127.0175845,37.52226838
1210033200,101,준빌딩,127.0283966,37.49633108
1210046500,101,원빌딩,127.0208154,37.51220056
1210043400,101,청하빌딩,127.0232774,37.50706512
1210042500,101,강남대로-강남대로동37,127.0238755,37.50581344
1210017100,101,두상빌딩,127.0465366,37.47584613
1210028400,101,부영빌딩,127.0318923,37.48903195
1210029200,101,푸르덴셜타워,127.0313812,37.49008697
1210032500,101,청남빌딩앞,127.0291858,37.49467645
1210035400,101,대동빌딩앞삼성고객프,127.0269101,37.49950353
1210019900,101,영동2교,127.0432209,37.48150604
1210025100,101,양재빌딩,127.0382204,37.48514888
1210024700,104,양재지하차도(동측),127.0360474,37.48484701
1210040400,101,교보타워사거리,127.0244864,37.50452127
1210024100,101,양재역,127.0340609,37.4845806
1210028900,101,뱅뱅사거리,127.0316412,37.48957912
1210016400,101,국악고교앞,127.0487342,37.47373448
1210019000,101,포이사거리,127.0445917,37.47830114
1210020600,101,삼일조명,127.0429599,37.4819563
1210026200,101,양재전화국,127.0413533,37.48558425
1210034100,101,강남역,127.0276432,37.4979857
1210046000,101,논현역,127.0213298,37.51111341
1210047200,101,강남웨딩문화원,127.0199989,37.51459888
1210012800,101,서초구-강남구경계(2),127.0902829,37.46345242
1210050300,105,서초구-강남구경계(4),127.0177619,37.52177397
1210047900,101,신사역,127.019562,37.51612591
2040015700,105,-,127.1079236,37.46221399
2040019100,105,-,127.1225711,37.4669665
1230112800,105,서울시-성남시경계,127.1272434,37.46844995