,LINK_ID,F_NODE,T_NODE,ROAD_NAME_,LENGTH,TRAFFIC
0,1220110900,1220063900,1220060300,선릉로189길,126.8457766,0
1,1220111000,1220060300,1220063900,선릉로189길,126.8457766,0
2,1220109700,1220035000,1220035500,선릉로89길,168.7231975,0
3,1220110500,1220045700,1220046500,봉은사로113길,68.76950474,0
4,1220110300,1220044800,1220045700,봉은사로113길,78.91539852,0
5,1220110200,1220043700,1220044800,봉은사로114길,120.947535,0
6,1220093001,1210049800,1210050300,잠원로,59.80996186,15
7,1220093102,1220051600,1210050300,압구정로,66.4267856,45
8,1220004305,1220064000,1220052500,영동대로,58.95043636,193
9,1220062701,1220031600,1220001300,남부순환로,216.5657539,85
10,1220093002,1210050300,1220051400,압구정로,69.7637587,15
11,1220051901,1220064400,1220019600,삼성서울병원내부도로,88.16318258,0
12,1220051801,1220019600,1220064400,삼성서울병원내부도로,88.16321759,0
13,1220013306,1220064500,1220021800,광평로,204.2669971,50
14,1220087901,1220046500,1220045700,봉은사로113길,68.769604,0
15,1220000705,1220064200,1220017100,양재대로,104.3911836,58
16,1220000804,1220017100,1220064300,양재대로,104.3912502,30
17,1220000704,1220017100,1220015300,양재대로,412.7535041,108
18,1220000803,1220015300,1220017100,양재대로,412.7534376,108
19,1220004304,1220049500,1220064000,영동대로,386.9398378,224
20,1220093500,1220002500,1220051600,압구정로,127.1953868,45
21,1220041900,1220013100,1220013300,언주로,97.09392913,137
22,1220041800,1220013300,1220013100,언주로,96.85806867,207
23,1220060301,1220001100,1220063700,남부순환로,185.7760026,77
24,1220056500,1220025500,1220025600,동부간선도로,86.71603148,108
25,1220059500,1220028400,1220001100,남부순환로,397.481309,162
26,1220004802,1220056900,1220055300,영동대로,277.1940615,230
27,1220005300,1220056700,1220058100,영동대로,83.67470599,225
28,1220005200,1220058100,1220056900,영동대로,87.39990582,230
29,1220036801,1220059700,1220059000,언주로,115.3867576,163
30,1220036901,1220059000,1220059800,언주로,117.9543474,404
31,1220036902,1220059800,1220061500,언주로,232.7185689,404
32,1220036802,1220061600,1220059700,언주로,239.1503815,163
33,1220037203,1220062600,1220062400,언주로,349.8092399,377
34,1220037303,1220062300,1220062600,언주로,349.039132,378
35,1220093400,1220051400,1220051900,압구정로,123.7855645,15
36,1220107800,1220062500,1220061000,논현로,190.0751478,117
37,1220038403,1220063100,1220063200,헌릉로,197.3539114,81
38,1220007300,1210019000,1220003400,논현로,253.9887865,21
39,1220001501,1220026300,1220024400,영동대로,164.6961743,78
40,1220001602,1220024400,1220026300,영동대로,164.6961743,40
41,1220001502,1220001000,1220026300,영동대로,177.2554088,78
42,1220001603,1220026300,1220001000,영동대로,177.2554088,40
43,1220010105,1220019200,1220020000,광평로,127.2901531,11
44,1220010005,1220020000,1220019200,광평로,127.2901531,11
45,1220050800,1220020900,1220020000,밤고개로,115.6445308,106
46,1220050700,1220020000,1220020900,밤고개로,115.6445308,116
47,1220013302,1220020000,1220020200,광평로,80.49929265,50
48,1220013201,1220020200,1220020000,광평로,80.49929264,82
49,1220051200,1220020200,1220021600,광평로51길,104.6181109,0
50,1220051100,1220021600,1220020200,광평로51길,104.6180789,0
51,1220013303,1220020200,1220020700,광평로,49.53424454,50
52,1220013202,1220020700,1220020200,광평로,49.53424454,82
53,1220048500,1220018200,1220018300,밤고개로5길,96.86640439,0
54,1220048400,1220018300,1220018200,밤고개로5길,96.86640439,0
55,1220048600,1220018300,1220018500,밤고개로5길,53.37837153,0
56,1220048100,1220017800,1220018300,밤고개로5길,33.23571812,0
57,1220044600,1220014600,1220014800,자곡로,122.1970245,53
58,1220044700,1220014800,1220014600,자곡로,122.196978,75
59,1220021203,1220029500,1220028600,남부순환로,471.0118862,84
60,1220021302,1220028600,1220029500,남부순환로,471.0119212,72
61,1220061200,1220030300,1220029500,남부순환로,298.3427465,98
62,1220061100,1220029500,1220030300,남부순환로,298.3426526,96
63,1220002202,1220032800,1220029500,영동대로,544.2734797,90
64,1220002302,1220029500,1220032800,영동대로,544.2734797,59
65,1220025701,1220032800,1220033300,도곡로,107.4054023,44
66,1220025601,1220033300,1220032800,도곡로,107.4054388,30
67,1220002700,1220001700,1220032800,영동대로,512.0891602,82
68,1220002800,1220032800,1220001700,영동대로,512.0891202,59
69,1220075200,1220038600,1220038900,영동대로86길,136.4659123,0
70,1220075300,1220038900,1220038600,영동대로86길,136.4658627,0
71,1220076400,1220038900,1220039600,영동대로86길,155.9050739,0
72,1220076500,1220039600,1220038900,영동대로86길,155.9050377,0
73,1220035104,1220055600,1220010000,압구정로,217.7197497,26
74,1220035004,1220010000,1220055600,압구정로,217.7196115,52
75,1220036002,1220057800,1220010000,압구정로,189.0638246,67
76,1220036101,1220010000,1220057800,압구정로,189.0638791,60
77,1220084300,1220044900,1220045500,강남대로146길,100.7849649,0
78,1220084400,1220045500,1220044900,강남대로146길,100.7848718,0
79,1220032202,1220047500,1220044200,논현로,385.5907963,85
80,1220032302,1220044200,1220047500,논현로,385.5907963,89
81,1220056700,1220025400,1220026800,남부순환로,113.8448401,129
82,1220012402,1220021100,1220021000,남부순환로,54.21676234,99
83,1220012502,1220020800,1220021100,남부순환로,59.14765405,119
84,1220011403,1220021100,1220020500,언주로,51.48305781,180
85,1220011503,1220020600,1220021100,언주로,53.63157861,106
86,1220014201,1220021700,1220021100,남부순환로,62.18310677,101
87,1220014301,1220021100,1220021500,남부순환로,51.23316556,100
88,1220016001,1220021900,1220021100,언주로,52.65614501,142
89,1220016101,1220021100,1220022300,언주로,52.43854783,93
90,1220059800,1220030200,1220006900,개포로109길,270.8206894,0
91,1220059900,1220006900,1220030200,개포로109길,270.8206517,0
92,1220062000,1220030500,1220031200,선릉로69길,299.9371365,0
93,1220062100,1220031200,1220030500,선릉로69길,299.9371365,0
94,1220023203,1220031200,1220032100,선릉로,130.7823144,31
95,1220023103,1220032100,1220031200,선릉로,130.7823144,52
96,1220038101,1220011300,1220063300,헌릉로,300.0116103,79
97,1220038001,1220063300,1220011000,헌릉로,300.0117096,54
98,1220038002,1220011400,1220063300,헌릉로,195.2552577,54
99,1220038102,1220063300,1220011400,헌릉로,195.2552577,79
100,1220082800,1220044800,1220043700,봉은사로114길,120.9476344,13
101,1220085100,1220045700,1220044800,봉은사로113길,78.91539852,1
102,1220000703,1220000500,1220064200,양재대로,99.74864801,58
103,1220000802,1220064300,1220000500,양재대로,99.74864801,30
104,1220001001,1220000500,1220018800,영동대로,75.04744636,29
105,1220000901,1220018900,1220000500,영동대로,75.0475382,68
106,1220042300,1220013300,1220013900,언주로,160.7075777,28
107,1220042200,1220013900,1220013300,언주로,160.7076571,47
108,1220006901,1220013900,1220014300,언주로,188.9080868,14
109,1220006801,1220014300,1220013900,언주로,188.9080868,28
110,1220006902,1220014300,1220014500,언주로,75.30766794,124
111,1220006802,1220014500,1220014300,언주로,75.30766794,187
112,1220010203,1210025100,1210024700,남부순환로,195.0878687,184
113,1220010303,1210024700,1210025100,남부순환로,195.0878687,133
114,1220010202,1210024700,1210024100,남부순환로,178.165375,25
115,1220010302,1210024100,1210024700,남부순환로,178.165375,30
116,1220069400,1220035500,1220035000,선릉로89길,168.7231975,0
117,1220107900,1220061100,1220062500,논현로,190.9404876,133
118,1220025003,1210040400,1210035400,강남대로,596.7187886,70
119,1220025103,1210035400,1210040400,강남대로,596.7187886,168
120,1220025002,1210035400,1210034100,강남대로,180.5021885,92
121,1220025102,1210034100,1210035400,강남대로,180.5021885,150
122,1220023402,1210034100,1220031500,테헤란로,320.6147168,108
123,1220023302,1220031500,1210034100,테헤란로,320.6147168,138
124,1220021003,1210034100,1210033200,강남대로,195.3518041,77
125,1220021103,1210033200,1210034100,강남대로,195.3518041,108
126,1220021002,1210033200,1210032500,강남대로,196.4581267,77
127,1220021102,1210032500,1210033200,강남대로,196.4581267,108
128,1220021001,1210032500,1220006300,강남대로,193.5270733,77
129,1220021101,1220006300,1210032500,강남대로,193.5270733,108
130,1220064000,1220031900,1220032500,테헤란로26길,75.56522435,0
131,1220063900,1220032500,1220031900,테헤란로26길,75.56512927,0
132,1220017600,1220006600,1220023900,도곡로7길,411.5634408,11
133,1220017700,1220023900,1220006600,도곡로7길,411.5634408,13
134,1220016202,1220006300,1210029200,강남대로,351.5901171,74
135,1220016302,1210029200,1220006300,강남대로,351.5901171,58
136,1220010204,1210026200,1210025100,남부순환로,281.2572185,184
137,1220010304,1210025100,1210026200,남부순환로,281.257317,133
138,1220046900,1210025100,1220017500,남부순환로363길,101.7326886,0
139,1220046800,1220017500,1210025100,남부순환로363길,101.7326886,0
140,1220007101,1210019000,1220014700,개포로,260.9666925,6
141,1220007001,1220014700,1210019000,개포로,260.9666925,9
142,1220007701,1220003400,1210019900,논현로,121.7595262,21
143,1220006302,1220000100,1210016400,논현로,320.5669918,14
144,1220006200,1210016400,1220000100,논현로,320.5669918,26
145,1220006501,1210016400,1210017100,논현로,304.4936213,9
146,1220006401,1210017100,1210016400,논현로,304.4936213,19
147,1220042500,1220013200,1220014100,논현로16길,304.8523168,0
148,1220042400,1220014100,1220013200,논현로16길,304.8523937,0
149,1220043400,1210017100,1220014100,논현로16길,125.9020875,0
150,1220043500,1220014100,1210017100,논현로16길,125.9020875,0
151,1220044000,1220014100,1220014200,논현로16길,131.2858511,0
152,1220044100,1220014200,1220014100,논현로16길,131.2859282,0
153,1220041600,1210016400,1220013200,논현로10길,126.2927596,0
154,1220041700,1220013200,1210016400,논현로10길,126.2927596,0
155,1220006903,1220014500,1220003500,언주로,452.4061049,124
156,1220006803,1220003500,1220014500,언주로,452.4060868,187
157,1220007702,1210019900,1210020600,논현로,54.84497965,21
158,1220007200,1220003400,1210019000,논현로,253.2012937,26
159,1220009200,1220004200,1220003800,남부순환로378길,217.3958727,5
160,1220009300,1220003800,1220004200,남부순환로378길,217.3959244,2
161,1220009801,1220016600,1220003800,양재천로,313.8788782,3
162,1220009802,1220017600,1220016600,양재천로,190.1301629,3
163,1220008502,1220016400,1220018400,언주로,236.494828,106
164,1220008402,1220018000,1220016400,언주로,236.5039669,175
165,1220049100,1220018100,1220020400,언주로30길-양재천로_사,182.718571,0
166,1220049000,1220020400,1220018100,언주로30길-양재천로_사,182.7186199,0
167,1220011702,1220018100,1220019500,양재천로,115.422278,9
168,1220011602,1220019500,1220018100,양재천로,115.422278,1
169,1220011603,1220020300,1220019500,양재천로,142.8660932,1
170,1220050600,1220019500,1220021200,언주로30길-양재천로_사,172.9537065,0
171,1220050500,1220021200,1220019500,언주로30길-양재천로_사,172.9537065,0
172,1220051000,1220021200,1220020400,언주로30길,114.699814,0
173,1220050900,1220020400,1220021200,언주로30길,114.6998503,0
174,1220049800,1220020400,1220019300,언주로30길,128.8149832,0
175,1220049700,1220019300,1220020400,언주로30길,128.8148959,0
176,1220011501,1220018400,1220019300,언주로,84.77014952,106
177,1220011401,1220019300,1220018000,언주로,84.77932739,180
178,1220011502,1220019300,1220020600,언주로,90.37829789,106
179,1220011402,1220020500,1220019300,언주로,92.53781128,180
180,1220014202,1220024100,1220021700,남부순환로,501.8963153,101
181,1220014302,1220021500,1220024100,남부순환로,512.8427213,100
182,1220012401,1220021000,1220017900,남부순환로,403.5751604,99
183,1220012501,1220017900,1220020800,남부순환로,398.6424334,119
184,1220019001,1220027400,1220025900,도곡로,403.8696728,79
185,1220019101,1220025900,1220027400,도곡로,403.8697658,56
186,1220016602,1220025900,1220024300,도곡로,389.527588,49
187,1220016702,1220024300,1220025900,도곡로,389.527588,44
188,1220016601,1220024300,1220023900,도곡로,160.6268207,49
189,1220016701,1220023900,1220024300,도곡로,160.6269494,44
190,1220015403,1220023900,1220023600,도곡로,159.1966313,48
191,1220015503,1220023600,1220023900,도곡로,159.1966313,45
192,1220011903,1210028400,1210028900,강남대로,64.66155236,72
193,1220011803,1210028900,1210028400,강남대로,64.66155236,90
194,1220016301,1210028900,1210029200,강남대로,60.8761774,58
195,1220016201,1210029200,1210028900,강남대로,60.8761774,74
196,1220015501,1210028900,1220023500,도곡로,116.6416515,43
197,1220015401,1220023500,1210028900,도곡로,116.6416171,54
198,1220015502,1220023500,1220023600,도곡로,50.19032875,43
199,1220015402,1220023600,1220023500,도곡로,50.19019828,54
200,1220054400,1210029200,1220024000,강남대로62길,168.7132041,0
201,1220054500,1220024000,1210029200,강남대로62길,168.7132975,0
202,1220054700,1220023600,1220024000,도곡로3길,61.4081251,0
203,1220054600,1220024000,1220023600,도곡로3길,61.4081251,0
204,1220019501,1220006300,1220027300,역삼로,169.5454079,19
205,1220019401,1220027300,1220006300,역삼로,169.5454079,31
206,1220019502,1220027300,1220006600,역삼로,157.1114102,19
207,1220019402,1220006600,1220027300,역삼로,157.1114102,26
208,1220020700,1220006600,1220029000,역삼로,551.5050396,20
209,1220020600,1220029000,1220006600,역삼로,551.5051331,25
210,1220019802,1220029000,1220027100,논현로,277.5089865,114
211,1220019902,1220027100,1220029000,논현로,277.5090799,69
212,1220019901,1220025900,1220027100,논현로,132.7873275,69
213,1220019801,1220027100,1220025900,논현로,132.7874212,114
214,1220058700,1220028500,1220027900,언주로63길,152.511634,0
215,1220058600,1220027900,1220028500,언주로63길,152.511634,0
216,1220021501,1220027600,1220028500,언주로,88.74811813,68
217,1220021401,1220028500,1220027600,언주로,88.74802455,104
218,1220021502,1220028500,1220028900,언주로,76.36921216,68
219,1220021402,1220028900,1220028500,언주로,76.36930574,104
220,1220058100,1220027400,1220027900,도곡로37길,86.66887951,0
221,1220058200,1220027900,1220027400,도곡로37길,86.66887951,0
222,1220021503,1220028900,1220030000,언주로,146.5141769,68
223,1220021403,1220030000,1220028900,언주로,146.5141425,104
224,1220021504,1220030000,1220031100,언주로,202.813782,68
225,1220021404,1220031100,1220030000,언주로,202.8138406,104
226,1220061300,1220030000,1220030500,언주로70길,289.1868845,0
227,1220061400,1220030500,1220030000,언주로70길,289.1868845,0
228,1220062500,1220031800,1220030500,역삼로52길,206.9571412,0
229,1220062600,1220030500,1220031800,역삼로52길,206.9571794,0
230,1220020901,1220027600,1220028200,도곡로,161.3484294,36
231,1220020801,1220028200,1220027600,도곡로,161.3484294,56
232,1220020902,1220028200,1220028700,도곡로,137.020705,36
233,1220020802,1220028700,1220028200,도곡로,137.0207969,56
234,1220020903,1220028700,1220029300,도곡로,294.4702568,36
235,1220020803,1220029300,1220028700,도곡로,294.4702568,56
236,1220018402,1220028000,1220026500,남부순환로,347.2109066,96
237,1220018502,1220026500,1220028000,남부순환로,347.2109565,74
238,1220018200,1220028000,1220024700,삼성로,356.3218383,26
239,1220018300,1220024800,1220028000,삼성로,356.1439655,14
240,1220015203,1220024200,1220023800,양재천로,174.7700591,1
241,1220015000,1220024700,1220022800,삼성로,291.3260633,27
242,1220015100,1220022800,1220024800,삼성로,291.3261161,14
243,1220008600,1220016500,1220003700,선릉로,438.6005826,12
244,1220008700,1220003700,1220016500,선릉로,438.6005851,3
245,1220007500,1220000300,1220003700,선릉로,423.0034212,4
246,1220007400,1220003700,1220000300,선릉로,423.0034212,10
247,1220012700,1220017700,1220022800,삼성로,352.3748944,14
248,1220012600,1220022800,1220017700,삼성로,352.3748016,23
249,1220013600,1220005300,1220022800,개포로,268.8359914,3
250,1220013700,1220022800,1220005300,개포로,268.835893,4
251,1220001900,1220029500,1220001000,영동대로,274.4853256,1
252,1220002001,1220001000,1220029500,영동대로,274.4852344,8
253,1220001100,1220024400,1220022100,영동대로,321.8747341,70
254,1220001200,1220022100,1220024400,영동대로,321.8747744,27
255,1220001002,1220018800,1220022100,영동대로,232.0336779,29
256,1220000902,1220022100,1220018900,영동대로,232.0335861,68
257,1220018701,1220006200,1220026700,개포로,153.0977948,1
258,1220018601,1220026700,1220006200,개포로,153.0978874,10
259,1220018702,1220026700,1220006500,개포로,164.178178,1
260,1220018602,1220006500,1220026700,개포로,164.1780474,10
261,1220057500,1220026700,1220027700,개포로,133.9337654,0
262,1220057400,1220027700,1220026700,개포로,133.9338026,0
263,1220014902,1220005100,1220006000,일원로,264.2329958,10
264,1220014802,1220006000,1220005100,일원로,264.2329607,10
265,1220018001,1220026000,1220006000,일원로3길,293.9626626,0
266,1220018101,1220006000,1220026000,일원로3길,293.9626626,1
267,1220017900,1220006000,1220006500,일원로,312.2981059,10
268,1220017800,1220006500,1220006000,일원로,312.2981997,3
269,1220020402,1220006500,1220028100,개포로,278.6952185,4
270,1220020502,1220028100,1220006500,개포로,278.6951808,14
271,1220022700,1220007600,1220031400,남부순환로,158.3758428,44
272,1220062300,1220031400,1220030600,남부순환로,366.0326421,98
273,1220061600,1220030600,1220030300,남부순환로,113.0302407,98
274,1220061500,1220030300,1220030600,남부순환로,113.0303343,96
275,1220021902,1220028000,1220029100,삼성로,165.5102757,33
276,1220021801,1220029100,1220028000,삼성로,165.5102757,41
277,1220021903,1220029100,1220031300,삼성로,358.3941346,33
278,1220021802,1220031300,1220029100,삼성로,358.3941346,41
279,1220022503,1220031300,1220030900,도곡로,193.0847462,41
280,1220022603,1220030900,1220031300,도곡로,193.0846167,56
281,1220022502,1220030900,1220029900,도곡로,398.0133894,41
282,1220022602,1220029900,1220030900,도곡로,398.0134276,56
283,1220023201,1220029300,1220030400,선릉로,156.9823301,31
284,1220023101,1220030400,1220029300,선릉로,156.9823301,52
285,1220023202,1220030400,1220031200,선릉로,143.4968877,31
286,1220023102,1220031200,1220030400,선릉로,143.4967945,52
287,1220022501,1220029900,1220029300,도곡로,173.8537222,41
288,1220022601,1220029300,1220029900,도곡로,173.8537592,56
289,1220023204,1220032100,1220007700,선릉로,74.82920818,31
290,1220023104,1220007700,1220032100,선릉로,74.82920818,52
291,1220067400,1220033500,1220035300,역삼로63길,205.5004651,0
292,1220067300,1220035300,1220033500,역삼로63길,205.5004651,0
293,1220024602,1220034100,1220033400,언주로,146.8765517,118
294,1220024702,1220033400,1220034100,언주로,146.8765517,86
295,1220025804,1220035900,1220035500,선릉로,89.75880458,55
296,1220025904,1220035500,1220035900,선릉로,89.75893308,26
297,1220068600,1220034600,1220035300,선릉로86길,171.4911899,0
298,1220068700,1220035300,1220034600,선릉로86길,171.4912285,0
299,1220068500,1220034500,1220035000,테헤란로52길,24.27835716,0
300,1220068400,1220035000,1220034500,테헤란로52길,24.27832229,0
301,1220069600,1220035000,1220035700,테헤란로52길,93.10371535,0
302,1220069500,1220035700,1220035000,테헤란로52길,93.10375272,0
303,1220071200,1220036500,1220036200,삼성로85길,148.4350093,0
304,1220071100,1220036200,1220036500,삼성로85길,148.4349724,0
305,1220071600,1220036200,1220037200,테헤란로78길,173.1543642,0
306,1220071500,1220037200,1220036200,테헤란로78길,173.1544026,0
307,1220025803,1220035500,1220034600,선릉로,90.49171081,55
308,1220025903,1220034600,1220035500,선릉로,90.49158231,26
309,1220025802,1220034600,1220033100,선릉로,205.1267453,50
310,1220025902,1220033100,1220034600,선릉로,205.1267453,20
311,1220025901,1220007700,1220033100,선릉로,80.20522204,20
312,1220025801,1220033100,1220007700,선릉로,80.20509338,50
313,1220065600,1220033100,1220033500,선릉로76길,172.4681201,0
314,1220065700,1220033500,1220033100,선릉로76길,172.4680817,0
315,1220065500,1220033000,1220033500,역삼로63길,79.40337271,0
316,1220065400,1220033500,1220033000,역삼로63길,79.40337271,0
317,1220068900,1220035400,1220034800,삼성로75길,183.1462013,0
318,1220068800,1220034800,1220035400,삼성로75길,183.1463312,0
319,1220067600,1220034800,1220033900,역삼로77길,80.24414666,0
320,1220067500,1220033900,1220034800,역삼로77길,80.24424036,0
321,1220025402,1220033900,1220033000,역삼로,383.7209272,13
322,1220025502,1220033000,1220033900,역삼로,383.7208347,20
323,1220025401,1220033000,1220007700,역삼로,173.3643752,13
324,1220025501,1220007700,1220033000,역삼로,173.3643752,20
325,1220023802,1220007700,1220031800,역삼로,305.4160309,29
326,1220023902,1220031800,1220007700,역삼로,305.4159383,18
327,1220023801,1220031800,1220031100,역삼로,282.4915107,29
328,1220023901,1220031100,1220031800,역삼로,282.4915107,18
329,1220024601,1220033400,1220031100,언주로,336.0353976,118
330,1220024701,1220031100,1220033400,언주로,336.0353977,86
331,1220023001,1220029000,1220031700,논현로,416.6327742,80
332,1220022901,1220031700,1220029000,논현로,416.6327742,117
333,1220023002,1220031700,1220032700,논현로,172.1648255,80
334,1220022902,1220032700,1220031700,논현로,172.1649194,117
335,1220024102,1220032000,1220032500,테헤란로,165.7793435,146
336,1220024002,1220032500,1220032000,테헤란로,165.7793435,108
337,1220024103,1220032500,1220032700,테헤란로,117.3513849,146
338,1220024003,1220032700,1220032500,테헤란로,117.3513849,108
339,1220064900,1220032900,1220032600,강남대로94길,154.7795306,0
340,1220064800,1220032600,1220032900,강남대로94길,154.7795306,0
341,1220024101,1220031500,1220032000,테헤란로,275.9379966,146
342,1220024001,1220032000,1220031500,테헤란로,275.9379966,108
343,1220064200,1220032000,1220032600,테헤란로19길,83.85453372,0
344,1220064100,1220032600,1220032000,테헤란로19길,83.85443954,0
345,1220063400,1220031500,1220032200,테헤란로7길,126.4091065,0
346,1220063300,1220032200,1220031500,테헤란로7길,126.4092007,0
347,1220027201,1220036000,1210040400,봉은사로,75.78307179,160
348,1220027301,1210040400,1220036000,봉은사로,75.78303678,145
349,1220027203,1220038300,1220036600,봉은사로,575.0725417,160
350,1220027303,1220036600,1220038300,봉은사로,575.0725417,145
351,1220027202,1220036600,1220036000,봉은사로,237.0477418,160
352,1220027302,1220036000,1220036600,봉은사로,237.0477418,145
353,1220027901,1210040400,1210042500,강남대로,153.2485362,121
354,1220027801,1210042500,1210040400,강남대로,153.2486298,148
355,1220027902,1210042500,1210043400,강남대로,148.6445541,121
356,1220027802,1210043400,1210042500,강남대로,148.6445541,148
357,1220027903,1210043400,1210046000,강남대로,481.1744804,121
358,1220027803,1210046000,1210043400,강남대로,481.1744804,148
359,1220030401,1220041900,1210046000,학동로,200.3778307,94
360,1220030501,1210046000,1220041900,학동로,200.3779242,51
361,1220030701,1210046000,1210046500,강남대로,128.9476418,183
362,1220030601,1210046500,1210046000,강남대로,128.9477001,120
363,1220032602,1220046800,1210047900,도산대로,236.5609319,117
364,1220032702,1210047900,1220046800,도산대로,236.5607967,87
365,1220030603,1210047900,1210047200,강남대로,173.8268718,120
366,1220030703,1210047200,1210047900,강남대로,173.8268495,183
367,1220030403,1220042600,1220042100,학동로,260.9894445,94
368,1220030503,1220042100,1220042600,학동로,260.9894083,51
369,1220030402,1220042100,1220041900,학동로,163.7456853,94
370,1220030502,1220041900,1220042100,학동로,163.7456853,51
371,1220030504,1220042600,1220043000,학동로,64.47380327,51
372,1220030404,1220043000,1220042600,학동로,64.47380327,94
373,1220030505,1220043000,1220043400,학동로,201.5596574,51
374,1220030405,1220043400,1220043000,학동로,201.5595277,94
375,1220034404,1220055200,1220053800,논현로,49.75671593,14
376,1220034504,1220053800,1220055200,논현로,49.75661892,32
377,1220035003,1220055600,1220054200,압구정로,253.4650847,52
378,1220035103,1220054200,1220055600,압구정로,253.4651152,26
379,1220035101,1220051900,1220052800,압구정로,293.9166902,22
380,1220035001,1220052800,1220002500,압구정로,294.5875766,60
381,1220035102,1220052800,1220054200,압구정로,154.6021634,26
382,1220035002,1220054200,1220052800,압구정로,154.6022476,52
383,1220097100,1220052800,1220055500,압구정로11길,257.6257582,0
384,1220097000,1220055500,1220052800,압구정로11길,257.6258122,0
385,1220098700,1220055500,1220055700,압구정로11길,45.19505318,0
386,1220098600,1220055700,1220055500,압구정로11길,45.19513924,0
387,1220101700,1220056400,1220059100,논현로189길,250.3692208,4
388,1220101800,1220059100,1220056400,논현로189길,250.3692208,2
389,1220103700,1220059100,1220060100,논현로189길,237.1303015,4
390,1220103800,1220060100,1220059100,논현로189길,243.1460399,2
391,1220105000,1220059400,1220060600,압구정로29길,217.8302433,0
392,1220104900,1220060600,1220059400,압구정로29길,217.8302194,0
393,1220106800,1220060600,1220061200,논현로190길,221.8907751,0
394,1220106900,1220061200,1220060600,논현로190길,221.8909014,0
395,1220105700,1220061200,1220059600,압구정로33길,240.4799353,0
396,1220105800,1220059600,1220061200,압구정로33길,240.4798401,0
397,1220104500,1220059600,1220060000,압구정로33길-압구정로39,131.3323133,0
398,1220104600,1220060000,1220059600,압구정로33길-압구정로39,131.3323133,0
399,1220103300,1220058700,1220060000,압구정로39길,234.2233254,0
400,1220103200,1220060000,1220058700,압구정로39길,234.2233254,0
401,1220106500,1220061300,1220063800,논현로190길,181.7447651,0
402,1220106600,1220063800,1220061300,논현로190길,181.7447935,0
403,1220091000,1220049800,1220049900,논현로151길,65.91722376,0
404,1220091100,1220049900,1220049800,논현로151길,65.91722376,0
405,1220034502,1220048900,1220049900,논현로,111.3169634,71
406,1220034402,1220049900,1220048900,논현로,111.3169634,36
407,1220091200,1220049900,1220051100,논현로152길,303.1615789,0
408,1220091300,1220051100,1220049900,논현로152길,303.1615225,0
409,1220034503,1220049900,1220053800,논현로,427.3181249,71
410,1220034403,1220053800,1220049900,논현로,427.3182197,36
411,1220093800,1220051700,1220052100,언주로153길,182.2618686,0
412,1220093900,1220052100,1220051700,언주로153길,182.2619613,0
413,1220093300,1220051700,1220051100,도산대로37길,77.83268631,0
414,1220093200,1220051100,1220051700,도산대로37길,77.83258297,0
415,1220091700,1220051100,1220050000,도산대로37길,100.9546898,0
416,1220091800,1220050000,1220051100,도산대로37길,100.9545614,0
417,1220033603,1220050700,1220050000,도산대로,203.461592,105
418,1220033702,1220050000,1220050700,도산대로,203.461592,44
419,1220033602,1220050000,1220048900,도산대로,345.1038285,105
420,1220033701,1220048900,1220050000,도산대로,345.1038285,44
421,1220032605,1220048900,1220048400,도산대로,184.3767723,95
422,1220032705,1220048400,1220048900,도산대로,184.3767723,66
423,1220032604,1220048400,1220047300,도산대로,280.7407552,95
424,1220032704,1220047300,1220048400,도산대로,280.7408436,66
425,1220032603,1220047300,1220046800,도산대로,151.7198656,117
426,1220032703,1220046800,1220047300,도산대로,151.7198656,87
427,1220032204,1220048900,1220048300,논현로,93.06657933,85
428,1220032304,1220048300,1220048900,논현로,93.06654554,89
429,1220032203,1220048300,1220047500,논현로,113.2206557,85
430,1220032303,1220047500,1220048300,논현로,113.2207832,89
431,1220083800,1220044100,1220045200,학동로33길,81.337782,0
432,1220083700,1220045200,1220044100,학동로33길,81.33787373,0
433,1220083600,1220045200,1220044200,논현로132길,212.6833256,0
434,1220083500,1220044200,1220045200,논현로132길,212.6832321,0
435,1220032201,1220044200,1220043400,논현로,83.01027409,85
436,1220032301,1220043400,1220044200,논현로,83.01017974,89
437,1220029602,1220043400,1220042800,논현로,82.55307414,56
438,1220029702,1220042800,1220043400,논현로,82.55307414,120
439,1220031301,1220043400,1220044100,학동로,218.553339,127
440,1220031201,1220044100,1220043400,학동로,218.553339,90
441,1220082100,1220044000,1220043500,언주로129길,191.797398,0
442,1220082000,1220043500,1220044000,언주로129길,191.7973048,0
443,1220082300,1220043500,1220044100,학동로34길,82.33693686,0
444,1220082200,1220044100,1220043500,학동로34길,82.33684302,0
445,1220080500,1220043500,1220042800,논현로128길,214.42406,0
446,1220080400,1220042800,1220043500,논현로128길,214.42406,0
447,1220031302,1220044100,1220045300,학동로,222.206846,127
448,1220031202,1220045300,1220044100,학동로,222.206846,90
449,1220028202,1220039900,1220039100,봉은사로,118.2508375,124
450,1220028302,1220039100,1220039900,봉은사로,118.2508375,114
451,1220028201,1220039100,1220038300,봉은사로,314.1537507,124
452,1220028301,1220038300,1220039100,봉은사로,314.1536914,114
453,1220025201,1220033200,1220032700,테헤란로,138.1453808,90
454,1220025301,1220032700,1220033200,테헤란로,138.1454162,121
455,1220026301,1220032700,1220033700,논현로,154.7193904,136
456,1220026201,1220033700,1220032700,논현로,154.7194843,81
457,1220026302,1220033700,1220035100,논현로,159.0929096,136
458,1220026202,1220035100,1220033700,논현로,159.0929096,81
459,1220027502,1220035800,1220036400,언주로,118.0452121,158
460,1220027402,1220036400,1220035800,언주로,118.0451782,114
461,1220025202,1220033600,1220033200,테헤란로,264.3893289,90
462,1220025302,1220033200,1220033600,테헤란로,264.3893653,121
463,1220066500,1220033700,1220034200,논현로94길,131.2747142,0
464,1220066600,1220034200,1220033700,논현로94길,131.2747142,0
465,1220025203,1220034100,1220033600,테헤란로,152.5433708,90
466,1220025303,1220033600,1220034100,테헤란로,152.5433708,121
467,1220027501,1220034100,1220035800,언주로,189.3800454,158
468,1220027401,1220035800,1220034100,언주로,189.3800454,114
469,1220027504,1220038800,1220039900,언주로,128.1000701,158
470,1220027404,1220039900,1220038800,언주로,128.1000091,114
471,1220029002,1220041500,1220040600,봉은사로,216.6372991,96
472,1220029103,1220040600,1220041500,봉은사로,216.6372991,107
473,1220031001,1220043200,1220041800,선릉로,393.554495,26
474,1220031101,1220041800,1220043200,선릉로,393.554495,32
475,1220029003,1220041800,1220041500,봉은사로,139.6788888,96
476,1220029104,1220041500,1220041800,봉은사로,139.6789243,107
477,1220081500,1220043300,1220044300,학동로50길,106.569276,0
478,1220081400,1220044300,1220043300,학동로50길,106.569276,0
479,1220080000,1220042900,1220043200,선릉로119길,144.755938,0
480,1220080100,1220043200,1220042900,선릉로119길,144.7559104,0
481,1220081300,1220043600,1220043300,선릉로121길,143.3929187,0
482,1220081200,1220043300,1220043600,선릉로121길,143.3929876,0
483,1220080200,1220043300,1220042900,학동로50길,54.89668509,0
484,1220080300,1220042900,1220043300,학동로50길,54.89661641,0
485,1220029001,1220040600,1220039900,봉은사로,152.8714026,96
486,1220029102,1220039900,1220040600,봉은사로,152.8712736,107
487,1220029901,1220039900,1220041300,언주로,138.9206931,156
488,1220029802,1220041300,1220039900,언주로,138.9206931,124
489,1220029904,1220044000,1220045300,언주로,87.17651585,156
490,1220029805,1220045300,1220044000,언주로,87.17651551,124
491,1220082600,1220043900,1220044300,선릉로125길,126.3948018,0
492,1220082700,1220044300,1220043900,선릉로125길,126.3948018,0
493,1220085500,1220045600,1220045900,학동로46길,82.58552751,0
494,1220085400,1220045900,1220045600,학동로46길,82.58552751,0
495,1220085200,1220045600,1220045800,선릉로129길,140.9898312,0
496,1220085300,1220045800,1220045600,선릉로129길,140.9897949,0
497,1220086900,1220045800,1220046600,학동로50길,83.03768178,0
498,1220086800,1220046600,1220045800,학동로50길,83.03765926,0
499,1220086400,1220045800,1220046200,선릉로129길,144.9264995,0
500,1220086500,1220046200,1220045800,선릉로129길,144.9265931,0
501,1220084500,1220045800,1220044300,학동로50길,154.4504038,0
502,1220084600,1220044300,1220045800,학동로50길,154.4504038,0
503,1220031005,1220046900,1220046200,선릉로,83.00175278,27
504,1220031105,1220046200,1220046900,선릉로,83.00175278,36
505,1220031004,1220046200,1220044700,선릉로,161.1027505,27
506,1220031104,1220044700,1220046200,선릉로,161.1027505,36
507,1220031003,1220044700,1220043600,선릉로,111.6491766,27
508,1220031103,1220043600,1220044700,선릉로,111.6490807,36
509,1220031002,1220043600,1220043200,선릉로,54.4775882,27
510,1220031102,1220043200,1220043600,선릉로,54.4775882,36
511,1220034101,1220048200,1220049200,삼성로,134.9220438,58
512,1220034001,1220049200,1220048200,삼성로,134.9219519,45
513,1220032805,1220048200,1220048100,학동로,204.5008844,54
514,1220032905,1220048100,1220048200,학동로,204.5007651,64
515,1220032804,1220048100,1220047700,학동로,140.8044359,54
516,1220032904,1220047700,1220048100,학동로,140.8044359,64
517,1220032803,1220047700,1220047200,학동로,243.1339576,54
518,1220032903,1220047200,1220047700,학동로,243.1339576,64
519,1220032802,1220047200,1220047000,학동로,139.0181739,54
520,1220032902,1220047000,1220047200,학동로,139.0181739,64
521,1220032801,1220047000,1220046900,학동로,84.37697806,54
522,1220032901,1220046900,1220047000,학동로,84.37697806,64
523,1220032002,1220046600,1220045900,학동로,152.6141779,71
524,1220032102,1220045900,1220046600,학동로,152.6141779,69
525,1220033501,1220046900,1220047400,선릉로,81.50726312,17
526,1220033401,1220047400,1220046900,선릉로,81.50732869,33
527,1220087300,1220045900,1220046700,학동로45길,81.51413532,0
528,1220087200,1220046700,1220045900,학동로45길,81.51413532,0
529,1220087600,1220046700,1220046300,언주로134길,225.4154896,0
530,1220087500,1220046300,1220046700,언주로134길,225.4155133,0
531,1220033101,1220045300,1220046300,언주로,119.0725043,198
532,1220033001,1220046300,1220045300,언주로,119.0725034,98
533,1220032001,1220045900,1220045300,학동로,265.5267302,71
534,1220032101,1220045300,1220045900,학동로,265.5267302,69
535,1220033103,1220048800,1220049600,언주로,65.03441402,198
536,1220033003,1220049600,1220048800,언주로,65.03437985,98
537,1220033104,1220049600,1220050700,언주로,158.2031639,198
538,1220033004,1220050700,1220049600,언주로,158.2030364,98
539,1220092600,1220051800,1220050300,도산대로50길,163.9087951,0
540,1220092700,1220050300,1220051800,도산대로50길,163.9087951,0
541,1220094400,1220052000,1220052400,도산대로58길,88.49943994,0
542,1220094500,1220052400,1220052000,도산대로58길,88.49945486,0
543,1220025503,1220033900,1220034700,역삼로,186.9484068,20
544,1220025403,1220034700,1220033900,역삼로,186.9484068,13
545,1220024901,1220031300,1220032300,삼성로,159.7360001,43
546,1220024801,1220032300,1220031300,삼성로,159.7360001,43
547,1220024902,1220032300,1220034000,삼성로,283.4396173,43
548,1220024802,1220034000,1220032300,삼성로,283.4396173,43
549,1220024903,1220034000,1220034700,삼성로,68.11136416,43
550,1220024803,1220034700,1220034000,삼성로,68.11136416,43
551,1220026701,1220034700,1220035400,삼성로,78.5854163,52
552,1220026601,1220035400,1220034700,삼성로,78.5854163,40
553,1220026702,1220035400,1220036500,삼성로,203.2384118,52
554,1220026602,1220036500,1220035400,삼성로,203.2384118,40
555,1220026703,1220036500,1220037400,삼성로,171.9722433,65
556,1220026603,1220037400,1220036500,삼성로,171.9722433,39
557,1220026804,1220037400,1220037200,테헤란로,147.2574924,87
558,1220026904,1220037200,1220037400,테헤란로,147.2574563,93
559,1220026803,1220037200,1220036800,테헤란로,203.5628259,87
560,1220026903,1220036800,1220037200,테헤란로,203.5627896,93
561,1220026802,1220036800,1220036300,테헤란로,203.0492316,87
562,1220026902,1220036300,1220036800,테헤란로,203.0491384,93
563,1220026801,1220036300,1220035900,테헤란로,169.0709015,87
564,1220026901,1220035900,1220036300,테헤란로,169.070994,93
565,1220026003,1220035900,1220035700,테헤란로,171.368112,77
566,1220026103,1220035700,1220035900,테헤란로,171.368112,103
567,1220026002,1220035700,1220034900,테헤란로,273.1439261,77
568,1220026102,1220034900,1220035700,테헤란로,273.1439261,103
569,1220026001,1220034900,1220034100,테헤란로,144.6948056,77
570,1220026101,1220034100,1220034900,테헤란로,144.6948637,103
571,1220069300,1220034900,1220035600,테헤란로43길,101.960739,0
572,1220069200,1220035600,1220034900,테헤란로43길,101.9607981,0
573,1220070800,1220035700,1220036100,테헤란로51길,101.2679631,0
574,1220070700,1220036100,1220035700,테헤란로51길,101.2678338,0
575,1220027701,1220035900,1220036700,선릉로,140.2814303,28
576,1220027601,1220036700,1220035900,선릉로,140.2813366,24
577,1220071900,1220036700,1220037100,선릉로94길,167.0733547,0
578,1220072000,1220037100,1220036700,선릉로94길,167.0734476,0
579,1220072800,1220037100,1220037300,테헤란로63길,61.12405334,0
580,1220072700,1220037300,1220037100,테헤란로63길,61.12395335,0
581,1220072200,1220036800,1220037600,테헤란로69길,149.7547374,0
582,1220072100,1220037600,1220036800,테헤란로69길,149.7547374,0
583,1220074600,1220037600,1220038500,삼성로95길,123.4341248,0
584,1220074700,1220038500,1220037600,삼성로95길,123.4341248,0
585,1220030102,1220042000,1220042200,봉은사로,148.4135104,89
586,1220030002,1220042200,1220042000,봉은사로,148.4135104,53
587,1220029201,1220039300,1220037400,삼성로,191.148348,46
588,1220029301,1220037400,1220039300,삼성로,191.148348,50
589,1220028101,1220037400,1220038700,테헤란로,265.6722978,110
590,1220028001,1220038700,1220037400,테헤란로,265.672391,45
591,1220003103,1220038600,1220037500,영동대로,73.28345344,70
592,1220003203,1220037500,1220038600,영동대로,73.28345344,56
593,1220074900,1220038600,1220038100,영동대로85길,111.3906145,0
594,1220074800,1220038100,1220038600,영동대로85길,111.3905794,0
595,1220075500,1220038100,1220039500,테헤란로98길,160.3711649,0
596,1220075400,1220039500,1220038100,테헤란로98길,160.3711649,0
597,1220028003,1220040300,1220039500,테헤란로,110.2361508,56
598,1220028103,1220039500,1220040300,테헤란로,110.2361145,119
599,1220003303,1220043800,1220042500,영동대로,139.2684339,90
600,1220003403,1220042500,1220043800,영동대로,139.2684339,121
601,1220003302,1220042500,1220040300,영동대로,511.2268663,90
602,1220003402,1220040300,1220042500,영동대로,511.2268663,121
603,1220003104,1220040300,1220038600,영동대로,161.6776081,70
604,1220003204,1220038600,1220040300,영동대로,161.6776081,56
605,1220003102,1220037500,1220036900,영동대로,125.1377459,70
606,1220003202,1220036900,1220037500,영동대로,125.1377459,56
607,1220003101,1220036900,1220001700,영동대로,82.4900815,70
608,1220003201,1220001700,1220036900,영동대로,82.4900815,56
609,1220027101,1220001700,1220037000,역삼로,200.8911917,21
610,1220027001,1220037000,1220001700,역삼로,200.8911917,12
611,1220028802,1220040800,1220040300,테헤란로,143.808605,66
612,1220028902,1220040300,1220040800,테헤란로,143.8085477,110
613,1220028803,1220041400,1220040800,테헤란로,169.1501577,66
614,1220028903,1220040800,1220041400,테헤란로,169.1502512,110
615,1220028002,1220039500,1220038700,테헤란로,242.3513442,56
616,1220028102,1220038700,1220039500,테헤란로,242.3512873,119
617,1220076700,1220038700,1220041000,테헤란로87길,199.1213822,18
618,1220076600,1220041000,1220038700,테헤란로87길,199.1213822,8
619,1220030802,1220043800,1220043100,봉은사로,353.3119015,63
620,1220030902,1220043100,1220043800,봉은사로,353.311804,124
621,1220031901,1220042400,1220044600,삼성로,242.687212,65
622,1220031801,1220044600,1220042400,삼성로,242.6872121,42
623,1220031902,1220044600,1220046000,삼성로,148.8331238,65
624,1220031802,1220046000,1220044600,삼성로,148.833255,42
625,1220031903,1220046000,1220047100,삼성로,143.8842984,64
626,1220031803,1220047100,1220046000,삼성로,143.8842984,44
627,1220031904,1220047100,1220048200,삼성로,163.8486717,64
628,1220031804,1220048200,1220047100,삼성로,163.8487102,44
629,1220033201,1220048500,1220048200,학동로,215.3232477,51
630,1220033301,1220048200,1220048500,학동로,215.3233241,71
631,1220035205,1220059000,1220057700,언주로,143.2496895,116
632,1220035305,1220057700,1220059000,언주로,143.2495903,225
633,1220035204,1220057700,1220056500,언주로,35.24822026,116
634,1220035304,1220056500,1220057700,언주로,35.24831934,225
635,1220034302,1220050700,1220051500,도산대로,199.2884982,62
636,1220034202,1220051500,1220050700,도산대로,199.2885913,85
637,1220034303,1220051500,1220051800,도산대로,135.4603382,62
638,1220034203,1220051800,1220051500,도산대로,135.4602456,85
639,1220034304,1220051800,1220052200,도산대로,167.2396687,62
640,1220034204,1220052200,1220051800,도산대로,167.2396328,85
641,1220094200,1220052100,1220052300,언주로154길,80.1846707,0
642,1220094300,1220052300,1220052100,언주로154길,80.18457765,0
643,1220035404,1220057300,1220055400,선릉로,236.2671198,29
644,1220035504,1220055400,1220057300,선릉로,236.2670924,38
645,1220035403,1220055400,1220053400,선릉로,128.3731214,29
646,1220035503,1220053400,1220055400,선릉로,128.3731214,38
647,1220035402,1220053400,1220052700,선릉로,69.343239,29
648,1220035502,1220052700,1220053400,선릉로,69.34314285,38
649,1220035903,1220056100,1220056300,압구정로,133.0826737,68
650,1220035803,1220056300,1220056100,압구정로,133.082643,30
651,1220035904,1220056300,1220057300,압구정로,150.2477562,68
652,1220035804,1220057300,1220056300,압구정로,150.2478515,30
653,1220100100,1220057200,1220056100,압구정로61길,81.32675391,0
654,1220100000,1220056100,1220057200,압구정로61길,81.32665892,0
655,1220035901,1220053000,1220054300,압구정로,91.32743507,68
656,1220035801,1220054300,1220053000,압구정로,91.32734344,30
657,1220096600,1220054300,1220054700,압구정로79길,79.17733477,0
658,1220096700,1220054700,1220054300,압구정로79길,79.17733477,0
659,1220096000,1220053200,1220054700,도산대로81길,89.24088841,0
660,1220095900,1220054700,1220053200,도산대로81길,89.24088841,0
661,1220036500,1220057300,1220059500,선릉로,315.2707097,10
662,1220036400,1220059500,1220057300,선릉로,315.2706835,1
663,1220036306,1220057300,1220057900,압구정로,143.7594366,144
664,1220036206,1220057900,1220057300,압구정로,143.7593412,67
665,1220036305,1220057900,1220058000,압구정로,71.29833865,144
666,1220036205,1220058000,1220057900,압구정로,71.29837205,67
667,1220036304,1220058000,1220058600,압구정로,135.5538032,144
668,1220036204,1220058600,1220058000,압구정로,135.5538032,67
669,1220036202,1220058900,1220058800,압구정로,49.84860986,67
670,1220103400,1220058600,1220060200,선릉로189길-압구정로_사,316.1169696,0
671,1220103500,1220060200,1220058600,선릉로189길-압구정로_사,316.1169967,0
672,1220104800,1220059900,1220060200,선릉로189길,204.6189231,0
673,1220104700,1220060200,1220059900,선릉로189길,204.6190472,0
674,1220105300,1220060200,1220060300,선릉로189길,135.6362795,0
675,1220105200,1220060300,1220060200,선릉로189길,135.6363755,0
676,1220034701,1220052200,1220052400,도산대로,199.7515784,55
677,1220034601,1220052400,1220052200,도산대로,199.7515784,77
678,1220034702,1220052400,1220052600,도산대로,291.0870155,55
679,1220034602,1220052600,1220052400,도산대로,291.0870155,77
680,1220034703,1220052600,1220053000,도산대로,245.4180169,55
681,1220034603,1220053000,1220052600,도산대로,245.4181157,77
682,1220034901,1220053000,1220053200,도산대로,77.86139744,68
683,1220034801,1220053200,1220053000,도산대로,77.86139744,73
684,1220034902,1220053200,1220053500,도산대로,196.4524499,68
685,1220034802,1220053500,1220053200,도산대로,196.4524499,73
686,1220034904,1220054100,1220054500,도산대로,132.2005102,45
687,1220034804,1220054500,1220054600,도산대로,132.2005102,63
688,1220004202,1220052900,1220052500,영동대로,49.28097422,124
689,1220004002,1220049500,1220044400,영동대로,626.2799343,75
690,1220004102,1220044400,1220049500,영동대로,626.280026,143
691,1220004001,1220044400,1220043800,영동대로,77.75735755,75
692,1220004101,1220043800,1220044400,영동대로,77.75726517,143
693,1220031402,1220045000,1220044800,봉은사로,53.64481558,45
694,1220031502,1220044800,1220045000,봉은사로,53.64481558,97
695,1220078400,1220041400,1220041600,테헤란로,83.30137148,112
696,1220078500,1220041600,1220041400,테헤란로,83.30137148,53
697,1220048900,1220019600,1220019000,삼성서울병원내부도로,93.53111337,0
698,1220048800,1220019000,1220019600,삼성서울병원내부도로,93.53101949,0
699,1220010803,1220005100,1220019000,일원로,238.7124355,6
700,1220010903,1220019000,1220005100,일원로,238.7124945,7
701,1220010802,1220019000,1220016900,일원로,152.8812722,6
702,1220010902,1220016900,1220019000,일원로,152.8812722,7
703,1220008002,1220015400,1220015500,광평로,63.6168748,18
704,1220008102,1220015500,1220015400,광평로,63.61689394,8
705,1220008001,1220015500,1220003900,광평로,356.8460636,18
706,1220008101,1220003900,1220015500,광평로,356.8460815,8
707,1220024400,1220032400,1220007600,삼전로,267.87079,62
708,1220024500,1220007600,1220032400,삼전로,267.8706616,47
709,1220031600,1220045400,1220045000,봉은사로,118.3408436,44
710,1220031700,1220045000,1220045400,봉은사로,118.3408436,81
711,1220025702,1220033300,1220034300,도곡로,389.1806696,44
712,1220025602,1220034300,1220033300,도곡로,389.180539,30
713,1220029400,1220041700,1220041600,올림픽로,107.7347218,53
714,1220029500,1220041600,1220041700,올림픽로,107.7347218,115
715,1220038503,1220063200,1220063100,헌릉로,196.8286333,75
716,1220038401,1220063400,1220011400,헌릉로,133.1694454,54
717,1220038501,1220011400,1220063400,헌릉로,133.1694454,79
718,1220109100,1220011700,1220063100,헌릉로-헌인릉1길_사이,42.79819911,0
719,1220108800,1220063100,1220011700,헌릉로-헌인릉1길_사이,42.79828998,0
720,1220038404,1220010700,1220063100,헌릉로,66.58069472,81
721,1220038504,1220063100,1220010800,헌릉로,90.97552009,75
722,1220037400,1210012800,1220010700,헌릉로,220.5289933,81
723,1220037500,1220010800,1210012800,헌릉로,196.1418628,75
724,1220020403,1220063500,1220006400,개포로140길,44.97316519,18
725,1220020503,1220006400,1220063500,개포로140길,44.97316519,3
726,1220017500,1220005700,1220006400,양재대로55길,332.5637671,2
727,1220017400,1220006400,1220005700,양재대로55길,332.5638597,18
728,1220020404,1220063600,1220063500,개포로140길,220.996387,18
729,1220020504,1220063500,1220063600,개포로140길,220.996387,3
730,1220020405,1220028100,1220063600,개포로,317.7978779,4
731,1220020505,1220063600,1220028100,개포로,317.7978399,14
732,1220060201,1220063700,1220027800,남부순환로,583.2572579,152
733,1220017002,1220026200,1220025800,양재대로,292.9094248,60
734,1220017102,1220025500,1220026100,양재대로,258.8493915,108
735,1220045500,1220015000,1220003900,일원로,215.8968135,0
736,1220045400,1220003900,1220015000,일원로,215.8968312,0
737,1220010101,1220003900,1220016200,광평로,250.8869454,11
738,1220010001,1220016200,1220003900,광평로,250.8870263,11
739,1220046000,1220017300,1220016200,광평로19길,239.4184581,0
740,1220046100,1220016200,1220017300,광평로19길,239.4183599,0
741,1220051600,1220021600,1220020900,밤고개로1길,131.968854,0
742,1220051500,1220020900,1220021600,밤고개로1길,131.9687601,0
743,1220005901,2040015700,1220010600,밤고개로,166.9180958,25
744,1220005801,1220010500,2040015700,밤고개로,166.9225281,29
745,1220006701,1220011100,1220011500,밤고개로,97.64781196,0
746,1220006601,1220011600,1220011100,밤고개로,97.14225225,69
747,1220005902,1220010600,1220011100,밤고개로,118.3058545,25
748,1220005802,1220011100,1220010500,밤고개로,118.3790805,29
749,1220006101,1220011100,1220010900,헌릉로,105.400113,59
750,1220006001,1220011200,1220011100,헌릉로,105.400107,73
751,1220039500,2040019100,1220012100,헌릉로718길,62.33982928,0
752,1220039400,1220012100,2040019100,헌릉로718길,62.38182949,0
753,1220006104,1220011800,1220012200,헌릉로,287.3576423,25
754,1220006003,1220012200,1220011800,헌릉로,287.3576423,62
755,1220040300,1220012500,1220012600,헌릉로745길-헌릉로757길_,102.8100629,0
756,1220040400,1220012600,1220012500,헌릉로745길-헌릉로757길_,102.8100629,0
757,1220039900,1220012600,1220012300,헌릉로757길,136.68133,4
758,1220040000,1220012300,1220012600,헌릉로757길,136.6812449,4
759,1220006106,1220012300,1220012400,헌릉로,105.8907143,123
760,1220006005,1220012400,1220012300,헌릉로,105.8907143,70
761,1220006004,1220012300,1220012200,헌릉로,125.817157,62
762,1220006105,1220012200,1220012300,헌릉로,125.817157,25
763,1220039800,1220012200,1220012500,헌릉로745길,147.4851416,0
764,1220039700,1220012500,1220012200,헌릉로745길,147.4851416,0
765,1220018903,1220026400,1220027200,양재대로,123.530496,112
766,1220018803,1220027200,1220026600,양재대로,126.5512313,95
767,1220005100,1220002400,1220054800,분당수서로,382.6572392,254
768,1220005000,1220054800,1220002400,분당수서로,391.3802082,107
769,1220018902,1220026100,1220026400,양재대로,246.4443569,42
770,1220018802,1220026600,1220026200,양재대로,240.7896219,45
771,1220018102,1220026000,1220006400,일원로3길,313.6824078,1
772,1220018002,1220006400,1220026000,일원로3길,313.7602473,0
773,1220108900,1220063600,1220063700,개포로,274.0144133,0
774,1220109000,1220063700,1220063600,개포로,270.6040386,0
775,1220017101,1220005700,1220025500,양재대로,602.6798996,108
776,1220017001,1220025800,1220005700,양재대로,571.1713862,60
777,1220014500,1220005100,1220005700,양재대로,612.346503,108
778,1220014402,1220005700,1220005100,양재대로,612.3904767,63
779,1220044900,1220015000,1220015500,광평로10길,523.397522,0
780,1220044800,1220015500,1220015000,광평로10길,542.2229327,0
781,1220045200,1220016200,1220015000,광평로20길,429.3871657,0
782,1220045100,1220015000,1220016200,광평로20길,447.9921678,0
783,1220047300,1220017300,1220016900,일원로13길,251.338526,0
784,1220047200,1220016900,1220017300,일원로13길,248.7022036,0
785,1220010002,1220016300,1220016200,광평로,578.1319635,11
786,1220010102,1220016200,1220016300,광평로,575.6551212,11
787,1220010003,1220017200,1220016300,광평로,473.1135706,11
788,1220010103,1220016300,1220017200,광평로,482.4880509,11
789,1220055700,1220023100,1220021600,광평로59길,836.6620184,0
790,1220055600,1220021600,1220023100,광평로59길,800.8796548,0
791,1220053800,1220021800,1220023100,광평로59길,104.5038769,0
792,1220053700,1220023100,1220021800,광평로59길,103.4182553,0
793,1220053200,1220021600,1220023100,밤고개로1길,299.3056329,0
794,1220053300,1220023100,1220021600,밤고개로1길,299.3675486,0
795,1220054900,1220021300,1220024600,광평로39길,525.1582077,0
796,1220054800,1220024600,1220021300,광평로39길,505.5558581,0
797,1220050300,1220021300,1220019200,광평로47길,231.5827722,0
798,1220050400,1220019200,1220021300,광평로47길,233.5014547,0
799,1220049300,1220017200,1220021300,광평로39길,333.0560958,0
800,1220049200,1220021300,1220017200,광평로39길,349.9165414,0
801,1220010004,1220019200,1220017200,광평로,260.2657679,11
802,1220010104,1220017200,1220019200,광평로,255.9260614,11
803,1220006604,1220020000,1220013800,밤고개로,1392.595701,79
804,1220006706,1220018500,1220020000,밤고개로,120.7879693,50
805,1220049400,1220064500,1220018200,광평로56길,162.2765398,0
806,1220049500,1220018200,1220064500,광평로56길,162.410463,0
807,1220048200,1220018200,1220021800,밤고개로5길,599.7383791,0
808,1220048300,1220021800,1220018200,밤고개로5길,572.4011299,0
809,1220006704,1220013800,1220017800,밤고개로,1235.227246,50
810,1220041400,1220013000,1220013800,자곡로7길,1058.343786,0
811,1220041500,1220013800,1220013000,자곡로7길,1067.317497,0
812,1220038402,1220063200,1220063400,헌릉로,421.9798796,54
813,1220006702,1220011500,1220012900,밤고개로,720.8176822,0
814,1220006602,1220012900,1220011600,밤고개로,717.2465206,69
815,1220037900,1220011100,1220011300,헌릉로,104.4926831,79
816,1220037800,1220011000,1220011100,헌릉로,105.9407073,54
817,1220039600,1220012100,1220012300,헌릉로758길,155.8980189,0
818,1220039200,1220011800,1220012100,헌릉로718길,390.2711915,11
819,1220039300,1220012100,1220011800,헌릉로718길,388.8034578,0
820,1220040700,1220012700,1220012500,헌릉로745길,256.8960295,0
821,1220040800,1220012500,1220012700,헌릉로745길,258.5149489,0
822,1220040500,1220012700,1220012500,헌릉로745길_인접길,422.2003056,0
823,1220040600,1220012500,1220012700,헌릉로745길_인접길,386.0004044,0
824,1220036303,1220058600,1220058900,압구정로,156.0392516,144
825,1220094900,1220051700,1220053800,논현로168길,404.3517135,0
826,1220094800,1220053800,1220051700,논현로168길,389.8316026,0
827,1220062400,1220030600,1220007600,남부순환로,524.4387982,96
828,1220058500,1220026300,1220029500,영동대로,447.5856119,39
829,1220058400,1220029500,1220026300,영동대로,448.3822431,78
830,1220011703,1220019500,1220023700,양재천로,798.5216061,9
831,1220011701,1220003800,1220018100,양재천로,569.5079184,10
832,1220059100,1210032500,1220027300,역삼로3길,353.5759408,0
833,1220059200,1220027300,1210032500,역삼로3길,372.1713733,0
834,1220058900,1220029900,1220030900,삼성로51길,973.6566794,0
835,1220059000,1220030900,1220029900,삼성로51길,933.4745219,0
836,1220065000,1220033600,1220033400,테헤란로38길,288.072745,0
837,1220065100,1220033400,1220033600,테헤란로38길,270.2474977,0
838,1220063800,1220031700,1220033200,논현로86길,301.3120765,0
839,1220062900,1220031900,1220031700,논현로85길,203.7293666,0
840,1220063000,1220031700,1220031900,논현로85길,184.0144647,0
841,1220063100,1220032000,1220031900,논현로87길,245.791902,0
842,1220063200,1220031900,1220032000,논현로87길,224.3552175,0
843,1220021700,1220006600,1220031500,테헤란로8길,585.4404521,30
844,1220021600,1220031500,1220006600,테헤란로8길,585.3829579,13
845,1220011902,1210024100,1210028400,강남대로,529.557749,72
846,1220011802,1210028400,1210024100,강남대로,530.5893609,90
847,1220052600,1220017500,1220024300,남부순환로363길,580.1706486,0
848,1220052500,1220024300,1220017500,남부순환로363길,578.3123216,0
849,1220050100,1220017500,1220021400,남부순환로365길,443.7510529,0
850,1220050200,1220021400,1220017500,남부순환로365길,447.3102705,0
851,1220007802,1220003800,1220014900,양재천로,386.7430102,4
852,1220007900,1220014900,1220003800,양재천로,385.8424421,7
853,1220007002,1220003500,1220014700,개포로,626.897568,9
854,1220007102,1220014700,1220003500,개포로,632.6943556,6
855,1220006502,1210017100,1210019000,논현로,324.7295944,9
856,1220006402,1210019000,1210017100,논현로,329.1102521,19
857,1220043700,1220013400,1220014200,개포로22길,305.9917357,0
858,1220043600,1220014200,1220013400,개포로22길,304.7133951,0
859,1220044300,1220014200,1220014700,개포로22길,201.3431049,0
860,1220044200,1220014700,1220014200,개포로22길,207.5652586,0
861,1220043100,1220014500,1220013400,언주로7길,641.8071204,0
862,1220043000,1220013400,1220014500,언주로7길,659.5653955,0
863,1220042100,1220013400,1220013200,논현로10길,130.4244273,0
864,1220042000,1220013200,1220013400,논현로10길,130.1030833,0
865,1220008401,1220016400,1220003500,언주로,421.025004,175
866,1220008501,1220003500,1220016400,언주로,419.3197973,106
867,1220008200,1220016500,1220003500,개포로,560.6695927,10
868,1220008300,1220003500,1220016500,개포로,564.2892425,7
869,1220010500,1220004200,1220017900,남부순환로378길,179.5510006,2
870,1220010400,1220017900,1220004200,남부순환로378길,176.5550647,7
871,1220011601,1220018100,1220017600,양재천로,63.54182214,1
872,1220053400,1220021200,1220023200,언주로30길,298.562893,0
873,1220053500,1220023200,1220021200,언주로30길,299.095951,0
874,1220010700,1210026200,1220017900,남부순환로,370.6426049,122
875,1220010600,1220017900,1210026200,남부순환로,367.7616698,100
876,1220013401,1220021400,1210026200,논현로,323.5129888,99
877,1220013501,1210026200,1220021400,논현로,321.9005603,43
878,1220013402,1220025900,1220021400,논현로,442.3153866,99
879,1220013502,1220021400,1220025900,논현로,447.5261132,43
880,1220054100,1210028400,1220023500,강남대로58길,215.8119199,0
881,1220054200,1220023500,1210028400,강남대로58길,190.1678079,0
882,1220056300,1220027300,1220024000,도곡로3길,350.4427464,0
883,1220056400,1220024000,1220027300,도곡로3길,350.4095763,0
884,1220057800,1220027900,1220027100,논현로64길,413.8460674,0
885,1220057700,1220027100,1220027900,논현로64길,413.9108401,0
886,1220059400,1220028900,1220027900,도곡로37길,193.9248908,0
887,1220059300,1220027900,1220028900,도곡로37길,182.856252,0
888,1220019002,1220027600,1220027400,도곡로,151.5899336,79
889,1220019102,1220027400,1220027600,도곡로,150.112569,56
890,1220016002,1220027600,1220021900,언주로,645.4045107,142
891,1220016102,1220022300,1220027600,언주로,644.8382895,93
892,1220060800,1220028700,1220030500,도곡로51길,301.5479841,0
893,1220060700,1220030500,1220028700,도곡로51길,301.4135572,0
894,1220059700,1220028200,1220028900,도곡로43길,288.8176808,0
895,1220059600,1220028900,1220028200,도곡로43길,267.7472549,0
896,1220019300,1220024100,1220029300,선릉로,635.7354272,36
897,1220019200,1220029300,1220024100,선릉로,635.6482194,36
898,1220055400,1220026500,1220023700,남부순환로394길,353.4719303,0
899,1220055500,1220023700,1220026500,남부순환로394길,353.0570339,0
900,1220018501,1220024100,1220026500,남부순환로,452.2375552,74
901,1220018401,1220026500,1220024100,남부순환로,452.1675738,96
902,1220014100,1220023200,1220024100,선릉로,146.2867358,0
903,1220014000,1220024100,1220023200,선릉로,146.160688,22
904,1220011001,1220019400,1220016500,선릉로,277.5528806,12
905,1220011101,1220016500,1220019400,선릉로,274.0227598,5
906,1220011002,1220023200,1220019400,선릉로,298.3713906,12
907,1220011102,1220019400,1220023200,선릉로,298.4392298,5
908,1220011604,1220022600,1220020300,양재천로,233.9965002,1
909,1220015201,1220023700,1220022600,양재천로,426.6495802,1
910,1220015202,1220023800,1220023700,양재천로,207.116765,1
911,1220015300,1220023700,1220001000,양재천로,995.1666112,10
912,1220012100,1220016500,1220022800,개포로,878.0453698,2
913,1220012000,1220022800,1220016500,개포로,885.4208725,5
914,1220009600,1220017700,1220003700,삼성로3길,713.5113966,0
915,1220009700,1220003700,1220017700,삼성로3길,712.5617655,3
916,1220009402,1220017700,1220015300,삼성로,482.7930647,23
917,1220009502,1220015300,1220017700,삼성로,478.5127551,16
918,1220015700,1220005300,1220024400,개포로,389.4209347,3
919,1220015600,1220024400,1220005300,개포로,385.6737904,4
920,1220013100,1220004700,1220005300,개포로88길,306.9154027,0
921,1220013000,1220005300,1220004700,개포로88길,313.2488427,0
922,1220011200,1220004700,1220017700,삼성로4길,309.6079592,0
923,1220011300,1220017700,1220004700,삼성로4길,311.443165,0
924,1220012200,1220022100,1220004700,영동대로3길,400.991208,0
925,1220012300,1220004700,1220022100,영동대로3길,415.0636013,0
926,1220016800,1220001000,1220024200,양재천로,604.5344244,1
927,1220017300,1220024400,1220006200,개포로,337.2102156,4
928,1220017202,1220006200,1220024400,개포로,337.4521467,13
929,1220014600,1220005500,1220022100,영동대로4길,342.6329146,1
930,1220014700,1220022100,1220005500,영동대로4길,339.3120407,3
931,1220015900,1220005500,1220006000,개포로110길,318.4906184,3
932,1220015800,1220006000,1220005500,개포로110길,315.4096824,0
933,1220016400,1220006200,1220005500,개포로110길,240.6000325,2
934,1220016500,1220005500,1220006200,개포로110길,239.5541622,1
935,1220019601,1220027700,1220006200,개포로109길,234.3823037,3
936,1220019701,1220006200,1220027700,개포로109길,219.796214,1
937,1220057200,1220028100,1220026000,개포로124길,269.4477112,0
938,1220057300,1220026000,1220028100,개포로124길,269.1282685,0
939,1220062800,1220031600,1220007600,남부순환로,223.2450749,14
940,1220021301,1220028000,1220028600,남부순환로,161.0546613,72
941,1220021202,1220028600,1220028000,남부순환로,161.8617346,84
942,1220060000,1220029100,1220028600,남부순환로-삼성로_사이,324.6203598,0
943,1220060100,1220028600,1220029100,남부순환로-삼성로_사이,344.7931386,0
944,1220063600,1220032300,1220030900,삼성로63길,358.619705,0
945,1220063500,1220030900,1220032300,삼성로63길,334.3861197,0
946,1220061900,1220029900,1220030400,선릉로64길,331.4031867,0
947,1220061800,1220030400,1220029900,선릉로64길,311.8675423,0
948,1220065300,1220034000,1220032100,선릉로72길,746.7351111,0
949,1220065200,1220032100,1220034000,선릉로72길,746.5718379,0
950,1220066300,1220033800,1220034400,선릉로85길,389.4023293,0
951,1220066400,1220034400,1220033800,선릉로85길,378.4429514,0
952,1220065900,1220033800,1220033400,언주로86길,166.591067,0
953,1220065800,1220033400,1220033800,언주로86길,172.2915984,0
954,1220067100,1220034900,1220033800,테헤란로44길,102.589238,0
955,1220067200,1220033800,1220034900,테헤란로44길,99.97641882,0
956,1220067000,1220034500,1220033800,언주로86길,266.6897948,0
957,1220066900,1220033800,1220034500,언주로86길,264.3238461,0
958,1220068000,1220034600,1220034400,선릉로85길,89.99473612,0
959,1220067900,1220034400,1220034600,선릉로85길,94.67235835,0
960,1220067700,1220034500,1220034400,테헤란로52길,98.6634486,0
961,1220067800,1220034400,1220034500,테헤란로52길,101.0018161,0
962,1220069900,1220035300,1220036200,삼성로85길,412.737863,0
963,1220070000,1220036200,1220035300,삼성로85길,410.0216994,0
964,1220070200,1220036300,1220035300,테헤란로64길,178.9602188,0
965,1220070100,1220035300,1220036300,테헤란로64길,179.4144924,0
966,1220066800,1220034800,1220033500,삼성로75길,384.5837175,0
967,1220066700,1220033500,1220034800,삼성로75길,384.6741185,0
968,1220022300,1220029000,1220031100,역삼로,567.9658628,29
969,1220022200,1220031100,1220029000,역삼로,567.4357606,32
970,1220064700,1220032500,1220032900,테헤란로25길,83.47329187,0
971,1220066000,1220032900,1220033700,테헤란로25길,163.4684722,0
972,1220064300,1220032200,1220032600,강남대로94길,285.0381559,0
973,1220064400,1220032600,1220032200,강남대로94길,292.7184578,0
974,1220064500,1220036000,1220032200,봉은사로2길,912.4509387,0
975,1220064600,1220032200,1220036000,봉은사로2길,890.424119,0
976,1220072400,1220036600,1220038400,봉은사로7길,220.832698,0
977,1220072300,1220038400,1220036600,봉은사로7길,224.9663086,0
978,1220030602,1210047200,1210046500,강남대로,276.7562773,120
979,1220030702,1210046500,1210047200,강남대로,275.4928846,183
980,1220100700,1220058200,1220056500,언주로171길,294.0431705,0
981,1220100800,1220056500,1220058200,언주로171길,275.7659188,0
982,1220106000,1220061000,1220060100,논현로,283.0049584,117
983,1220083000,1220044900,1210047200,강남대로146길,237.601478,0
984,1220082900,1210047200,1220044900,강남대로146길,239.7147627,0
985,1220081100,1220042100,1220045500,학동로11길,390.1583982,0
986,1220081000,1220045500,1220042100,학동로11길,390.2294537,0
987,1220078700,1220041100,1220041900,학동로6길,364.0098809,0
988,1220078600,1220041900,1220041100,학동로6길,370.0237667,0
989,1220075900,1220038400,1220040200,봉은사로7길,169.0547744,0
990,1220075800,1220040200,1220038400,봉은사로7길,165.8003346,0
991,1220073300,1210042500,1220038400,강남대로118길,341.7568907,0
992,1220073400,1220038400,1210042500,강남대로118길,346.7169483,0
993,1220076300,1220040200,1210043400,강남대로122길,399.0062858,0
994,1220076200,1210043400,1220040200,강남대로122길,392.6189786,0
995,1220077800,1220041100,1220040200,학동로6길,79.46604221,0
996,1220077900,1220040200,1220041100,학동로6길,83.36886073,0
997,1220078900,1220042600,1220041100,학동로20길,475.1375638,0
998,1220078800,1220041100,1220042600,학동로20길,488.2746545,0
999,1220079900,1220042800,1220043000,논현로127길,273.8285275,0
1000,1220079800,1220043000,1220042800,논현로127길,297.9733119,0
1001,1220081700,1220044200,1220043000,논현로131길,300.0766804,0
1002,1220081600,1220043000,1220044200,논현로131길,276.2880027,0
1003,1220092500,1220048600,1220052800,압구정로12길,515.8421552,12
1004,1220092400,1220052800,1220048600,압구정로12길,516.4179606,8
1005,1220089300,1220047300,1220048600,도산대로13길,197.4995433,12
1006,1220089200,1220048600,1220047300,도산대로13길,198.1264807,8
1007,1220098300,1220055700,1220054900,논현로189길,207.1055156,0
1008,1220098200,1220054900,1220055700,논현로189길,202.7269261,0
1009,1220099400,1220056400,1220055700,논현로189길,149.5100928,2
1010,1220099300,1220055700,1220056400,논현로189길,151.0459922,4
1011,1220105600,1220060600,1220060100,논현로190길,259.3619431,0
1012,1220105500,1220060100,1220060600,논현로190길,256.5107646,0
1013,1220107300,1220061200,1220061300,논현로190길,184.8832418,0
1014,1220107400,1220061300,1220061200,논현로190길,189.3651112,0
1015,1220036103,1220058200,1220058700,압구정로,124.2875208,60
1016,1220036004,1220058700,1220058200,압구정로,126.3728528,67
1017,1220036102,1220057800,1220058200,압구정로,110.683078,60
1018,1220036003,1220058200,1220057800,압구정로,111.2557784,67
1019,1220102900,1220059600,1220057800,압구정로33길,384.5157017,0
1020,1220102800,1220057800,1220059600,압구정로33길,364.5042037,0
1021,1220036104,1220058700,1220059000,압구정로,110.0682035,60
1022,1220036005,1220059000,1220058700,압구정로,112.3519938,67
1023,1220106200,1220061300,1220060000,압구정로39길,224.291872,0
1024,1220106300,1220060000,1220061300,압구정로39길,223.322899,0
1025,1220095500,1220054200,1220053800,압구정로20길,400.6200899,0
1026,1220095600,1220053800,1220054200,압구정로20길,400.7923753,0
1027,1220093700,1220049800,1220054200,압구정로18길,594.9000751,0
1028,1220093600,1220054200,1220049800,압구정로18길,587.7374735,0
1029,1220089900,1220049800,1220048600,논현로151길,406.7858083,0
1030,1220089800,1220048600,1220049800,논현로151길,411.107738,0
1031,1220086300,1220044900,1220046800,도산대로8길,216.6837268,0
1032,1220086200,1220046800,1220044900,도산대로8길,218.545303,0
1033,1220087800,1220047500,1220045500,논현로145길,556.7910418,0
1034,1220087700,1220045500,1220047500,논현로145길,558.3553625,0
1035,1220088900,1220048400,1220048300,논현로149길,269.3879941,0
1036,1220089000,1220048300,1220048400,논현로149길,249.4547889,0
1037,1220086000,1220045200,1220046300,언주로133길,320.6157423,0
1038,1220086100,1220046300,1220045200,언주로133길,342.0413098,0
1039,1220029701,1220038300,1220042800,논현로,708.6433153,120
1040,1220029601,1220042800,1220038300,논현로,708.8199514,56
1041,1220078100,1220039100,1220041300,봉은사로37길,216.1689867,0
1042,1220026303,1220035100,1220038300,논현로,456.5612787,136
1043,1220026203,1220038300,1220035100,논현로,456.5453613,81
1044,1220071000,1220036400,1220035100,언주로97길,585.9676866,0
1045,1220070900,1220035100,1220036400,언주로97길,578.5437126,0
1046,1220027403,1220038800,1220036400,언주로,344.4909819,114
1047,1220027503,1220036400,1220038800,언주로,347.8581525,158
1048,1220066100,1220034200,1220033200,테헤란로27길,158.6346583,0
1049,1220066200,1220033200,1220034200,테헤란로27길,160.4795879,0
1050,1220068300,1220034200,1220035200,논현로94길,267.6546384,0
1051,1220068200,1220035200,1220033600,테헤란로37길,166.1068511,0
1052,1220068100,1220033600,1220035200,테헤란로37길,165.2850948,0
1053,1220069800,1220035800,1220035200,언주로93길,157.5859056,0
1054,1220069700,1220035200,1220035800,언주로93길,155.4353553,0
1055,1220076100,1220040600,1220038800,언주로108길,204.2406064,0
1056,1220076000,1220038800,1220040600,언주로108길,223.664937,0
1057,1220027703,1220037900,1220041800,선릉로,459.5404215,38
1058,1220027603,1220041800,1220037900,선릉로,467.0245569,30
1059,1220030101,1220041800,1220042000,봉은사로,528.1382317,89
1060,1220030001,1220042000,1220041800,봉은사로,528.2383885,53
1061,1220079200,1220042900,1220041500,봉은사로49길,405.7651655,0
1062,1220079300,1220041500,1220042900,봉은사로49길,404.9588099,0
1063,1220079400,1220040600,1220042900,봉은사로43길,572.6789282,0
1064,1220079500,1220042900,1220040600,봉은사로43길,593.3005837,0
1065,1220029803,1220042700,1220041300,언주로,450.2355872,124
1066,1220029902,1220041300,1220042700,언주로,443.6511366,156
1067,1220083900,1220044000,1220045600,언주로130길,297.3495798,0
1068,1220084000,1220045600,1220044000,언주로130길,296.9873212,0
1069,1220029804,1220044000,1220042700,언주로,155.0628229,124
1070,1220029903,1220042700,1220044000,언주로,154.5855404,156
1071,1220080700,1220043900,1220042700,언주로126길,356.5188135,0
1072,1220080600,1220042700,1220043900,언주로126길,356.6462624,0
1073,1220083300,1220045600,1220043900,학동로46길,150.9836691,0
1074,1220083400,1220043900,1220045600,학동로46길,144.3345346,0
1075,1220083200,1220044700,1220044300,선릉로125길,144.428492,0
1076,1220083100,1220044300,1220044700,선릉로125길,145.049387,0
1077,1220084200,1220045100,1220044700,선릉로126길,84.15407829,0
1078,1220084100,1220044700,1220045100,선릉로126길,81.33998411,0
1079,1220085700,1220047200,1220045100,학동로60길,339.3663356,0
1080,1220085600,1220045100,1220047200,학동로60길,358.4317076,0
1081,1220086600,1220047000,1220045100,학동로56길,236.2128597,0
1082,1220086700,1220045100,1220047000,학동로56길,235.3885927,0
1083,1220081900,1220044500,1220043200,선릉로120길,444.5817843,2
1084,1220081800,1220043200,1220044500,선릉로120길,445.1707435,0
1085,1220087100,1220044500,1220047700,학동로68길,350.922745,0
1086,1220087000,1220047700,1220044500,학동로68길,352.3681342,0
1087,1220085000,1220046000,1220044500,삼성로119길,401.8886874,2
1088,1220084900,1220044500,1220046000,삼성로119길,401.9676508,0
1089,1220089700,1220049200,1220048100,삼성로133길,255.3010129,0
1090,1220089600,1220048100,1220049200,삼성로133길,238.3058884,0
1091,1220088600,1220047400,1220047200,선릉로132길,301.848397,0
1092,1220088700,1220047200,1220047400,선릉로132길,323.2527607,0
1093,1220033502,1220047400,1220050900,선릉로,433.6036587,17
1094,1220033402,1220050900,1220047400,선릉로,433.5384782,33
1095,1220032103,1220046600,1220046900,학동로,140.3722113,69
1096,1220032003,1220046900,1220046600,학동로,141.532881,71
1097,1220088100,1220046700,1220047400,선릉로131길,297.0205438,0
1098,1220088200,1220047400,1220046700,선릉로131길,297.5451393,0
1099,1220033002,1220048800,1220046300,언주로,356.7436314,98
1100,1220033102,1220046300,1220048800,언주로,360.8897027,198
1101,1220089500,1220049600,1220048300,언주로147길,593.7985709,0
1102,1220089400,1220048300,1220049600,언주로147길,594.8152721,0
1103,1220090500,1220049700,1220048800,언주로146길,207.6841524,0
1104,1220090400,1220048800,1220049700,언주로146길,206.9238569,0
1105,1220090900,1220050300,1220049700,도산대로50길,137.2851907,0
1106,1220090800,1220049700,1220050300,도산대로50길,149.9888436,0
1107,1220091400,1220051500,1220049700,도산대로46길,226.0474831,0
1108,1220091500,1220049700,1220051500,도산대로46길,226.5470032,0
1109,1220092000,1220050900,1220050300,선릉로145길,189.4102513,0
1110,1220091900,1220050300,1220050900,선릉로145길,190.6329566,0
1111,1220033403,1220052200,1220050900,선릉로,175.2718741,33
1112,1220033503,1220050900,1220052200,선릉로,172.8952129,17
1113,1220092900,1220052000,1220050900,선릉로146길,227.9752346,0
1114,1220092800,1220050900,1220052000,선릉로146길,243.3376277,0
1115,1220094000,1220052000,1220052600,선릉로148길,392.1331226,0
1116,1220094100,1220052600,1220052000,선릉로148길,368.2453941,0
1117,1220026400,1220001700,1220034700,역삼로,621.4553832,15
1118,1220026500,1220034700,1220001700,역삼로,621.4227367,17
1119,1220070600,1220035600,1220035800,언주로94길,202.8342707,0
1120,1220070500,1220035800,1220035600,언주로94길,184.5140747,0
1121,1220070400,1220036100,1220035600,선릉로93길,271.6825398,0
1122,1220070300,1220035600,1220036100,선릉로93길,271.537624,0
1123,1220071400,1220036700,1220036100,선릉로93길,185.0834729,0
1124,1220071300,1220036100,1220036700,선릉로93길,178.6675727,0
1125,1220027602,1220037900,1220036700,선릉로,208.0644234,30
1126,1220027702,1220036700,1220037900,선릉로,214.17664,38
1127,1220073800,1220037300,1220037900,선릉로100길,292.1163992,0
1128,1220073700,1220037900,1220037300,선릉로100길,290.2488544,0
1129,1220071700,1220037100,1220036300,테헤란로63길,138.0597348,0
1130,1220071800,1220036300,1220037100,테헤란로63길,138.9900591,0
1131,1220073600,1220037600,1220037300,선릉로100길,183.6403627,0
1132,1220073500,1220037300,1220037600,선릉로100길,188.7148417,0
1133,1220075600,1220038500,1220039300,삼성로95길,226.3923969,0
1134,1220075700,1220039300,1220038500,삼성로95길,224.967434,0
1135,1220078200,1220042000,1220038500,봉은사로68길,613.2024979,0
1136,1220078300,1220038500,1220042000,봉은사로68길,622.2447153,0
1137,1220082400,1220042200,1220044600,봉은사로73길,427.3992815,0
1138,1220082500,1220044600,1220042200,봉은사로73길,447.5563552,0
1139,1220030003,1220042400,1220042200,봉은사로,214.4665819,53
1140,1220030103,1220042200,1220042400,봉은사로,213.8116117,89
1141,1220029302,1220039300,1220042400,삼성로,553.8770605,63
1142,1220029202,1220042400,1220039300,삼성로,553.8663066,46
1143,1220077500,1220039300,1220041000,삼성로96길,264.7721334,0
1144,1220077600,1220041000,1220039300,삼성로96길,265.7994819,0
1145,1220072600,1220038100,1220038700,영동대로85길,396.8380482,0
1146,1220072500,1220038700,1220038100,영동대로85길,416.420443,0
1147,1220073100,1220038100,1220037500,영동대로81길,194.5799547,0
1148,1220073200,1220037500,1220038100,영동대로81길,175.1134095,0
1149,1220080800,1220042500,1220043700,영동대로106길,460.4396133,0
1150,1220080900,1220043700,1220042500,영동대로106길,465.6358996,0
1151,1220069000,1220037000,1220033300,도곡로101길,548.172,0
1152,1220069100,1220033300,1220037000,도곡로101길,540.5911923,0
1153,1220027002,1220037700,1220037000,역삼로107길,127.60794,12
1154,1220027102,1220037000,1220037700,역삼로107길,136.0568185,21
1155,1220028401,1220039600,1220037700,테헤란로114길,177.3148096,15
1156,1220028501,1220037700,1220039600,테헤란로114길,172.8967948,1
1157,1220028402,1220041400,1220039600,테헤란로114길,153.2822794,15
1158,1220028502,1220039600,1220041400,테헤란로114길,152.4393671,1
1159,1220079000,1220043100,1220041000,테헤란로87길,502.2633489,8
1160,1220079100,1220041000,1220043100,테헤란로87길,502.1649996,26
1161,1220030901,1220042400,1220043100,봉은사로,271.0014316,93
1162,1220030801,1220043100,1220042400,봉은사로,272.3711852,61
1163,1220088500,1220048500,1220047100,삼성로126길,321.3183652,0
1164,1220088400,1220047100,1220048500,삼성로126길,338.4764754,0
1165,1220033302,1220048500,1220049500,학동로,403.2818688,71
1166,1220033202,1220049500,1220048500,학동로,402.4819915,51
1167,1220034002,1220053000,1220049200,삼성로,515.2286498,45
1168,1220034102,1220049200,1220053000,삼성로,515.1095527,58
1169,1220095200,1220052500,1220053500,도산대로94길,503.5575214,0
1170,1220095100,1220053500,1220052500,도산대로94길,528.1181079,0
1171,1220035303,1220052100,1220056500,언주로,506.15005,225
1172,1220035203,1220056500,1220052100,언주로,509.7748623,116
1173,1220035302,1220050700,1220052100,언주로,172.0926579,225
1174,1220035202,1220052100,1220050700,언주로,173.8197437,116
1175,1220096100,1220051800,1220053400,도산대로49길,435.0856183,0
1176,1220096200,1220053400,1220051800,도산대로49길,459.3154993,0
1177,1220094600,1220052300,1220051500,도산대로45길,266.4250332,0
1178,1220094700,1220051500,1220052300,도산대로45길,286.4707868,0
1179,1220036301,1220058900,1220059000,압구정로,126.2957906,144
1180,1220036201,1220059000,1220058900,압구정로,124.9101699,67
1181,1220101400,1220057100,1220057700,언주로172길,147.1117114,0
1182,1220101300,1220057700,1220057100,언주로172길,146.5111987,0
1183,1220100300,1220058600,1220057100,압구정로46길,269.1893323,0
1184,1220100200,1220057100,1220058600,압구정로46길,291.7001992,0
1185,1220098900,1220055400,1220058000,압구정로50길,448.8767193,0
1186,1220098800,1220058000,1220055400,압구정로50길,469.864403,0
1187,1220035501,1220052200,1220052700,선릉로,95.92150856,38
1188,1220035401,1220052700,1220052200,선릉로,98.24601784,29
1189,1220095400,1220052400,1220052700,선릉로152길,262.7072293,0
1190,1220095300,1220052700,1220052400,선릉로152길,243.0896648,0
1191,1220097900,1220056300,1220055400,압구정로60길,369.4020909,0
1192,1220097800,1220055400,1220056300,압구정로60길,389.2753905,0
1193,1220102200,1220057200,1220059200,압구정로61길,215.5720321,0
1194,1220102300,1220059200,1220057200,압구정로61길,217.3404617,0
1195,1220035902,1220054300,1220056100,압구정로,391.9811466,68
1196,1220035802,1220056100,1220054300,압구정로,382.113569,30
1197,1220099700,1220054700,1220057200,도산대로81길,486.912776,0
1198,1220099600,1220057200,1220054700,도산대로81길,476.5110112,0
1199,1220097500,1220055900,1220054700,압구정로79길,618.0280742,0
1200,1220097400,1220054700,1220055900,압구정로79길,623.3308816,0
1201,1220101900,1220059200,1220056200,선릉로190길,871.7171771,0
1202,1220102000,1220056200,1220059200,선릉로190길,871.2163013,0
1203,1220103000,1220059500,1220059200,선릉로190길,293.3617064,0
1204,1220103100,1220059200,1220059500,선릉로190길,296.2270636,0
1205,1220104300,1220059900,1220059500,선릉로189길,142.2975202,0
1206,1220104400,1220059500,1220059900,선릉로189길,147.4171058,0
1207,1220036203,1220058800,1220058600,압구정로,105.1367199,67
1208,1220034803,1220054600,1220053500,도산대로,231.3610041,73
1209,1220034903,1220053500,1220054100,도산대로,231.2889204,68
1210,1220004801,1220055300,1220054500,영동대로,64.16970037,86
1211,1220004302,1220052500,1220054500,영동대로,150.9159337,193
1212,1220004203,1220054500,1220052900,영동대로,104.1460369,86
1213,1220004201,1220052500,1220049500,영동대로,446.2384099,124
1214,1220033900,1220049500,1220009700,학동로,284.0381243,0
1215,1220033800,1220009700,1220049500,학동로,283.2662281,0
1216,1220088000,1220046500,1220047600,봉은사로113길,172.8863195,10
1217,1220084700,1220044400,1220045700,영동대로112길,562.8519822,0
1218,1220084800,1220045700,1220044400,영동대로112길,566.4835228,0
1219,1220031401,1220044800,1220043800,봉은사로,523.0738238,64
1220,1220031501,1220043800,1220044800,봉은사로,523.4547201,94
1221,1220010801,1220016900,1220003900,일원로,246.4679517,6
1222,1220010901,1220003900,1220016900,일원로,247.1064853,7
1223,1220000600,1220000300,1220015300,양재대로,613.0971347,108
1224,1220000502,1220015300,1220000300,양재대로,612.1552115,123
1225,1220044400,1220000300,1220014400,양재대로16길,224.5971494,0
1226,1220044500,1220014400,1220000300,양재대로16길,224.0842731,0
1227,1220000402,1220013900,1220000300,양재대로,640.9370097,111
1228,1220000300,1220000300,1220013900,양재대로,640.1517106,127
1229,1220012902,1220018600,1220019100,양재대로,163.0041617,11
1230,1220012802,1220019100,1220018700,양재대로,164.1915795,9
1231,1220012903,1220019100,1220005100,양재대로,379.9209088,81
1232,1220012803,1220005100,1220019100,양재대로,381.2886186,63
1233,1220047700,1220017100,1220019100,양재대로,447.7488384,66
1234,1220047800,1220019100,1220017100,양재대로,453.0132519,49
1235,1220063700,1220031600,1220031400,남부순환로,388.7587854,59
1236,1220043200,1220014300,1220013300,언주로,349.3460294,158
1237,1220043300,1220013300,1220014300,언주로,349.8854741,107
1238,1220102100,1220058800,1220057100,압구정로42길,147.2397142,0
1239,1220098000,1220057100,1220052300,압구정로42길,509.3617221,0
1240,1220012901,1220000500,1220018600,양재대로,82.42096029,11
1241,1220012801,1220018700,1220000500,양재대로,82.70685255,9
1242,1220008005,1220000500,1220016700,광평로,115.451992,18
1243,1220008105,1220016800,1220000500,광평로,116.6593595,8
1244,1220008003,1220015600,1220015400,광평로,177.0961956,18
1245,1220008103,1220015400,1220015600,광평로,170.4077724,8
1246,1220008004,1220016700,1220015600,광평로,311.5841645,18
1247,1220008104,1220015600,1220016800,광평로,302.4216348,8
1248,1220085800,1220045000,1220046500,테헤란로115길,136.1637792,59
1249,1220079600,1220043700,1220041400,봉은사로114길,492.0052735,13
1250,1220076900,1220037700,1220041600,역삼로107길,346.1509995,23
1251,1220008802,1220004200,1210020600,논현로28길,453.9463065,8
1252,1220008900,1210020600,1220004200,논현로28길,453.5813354,5
1253,1220009102,1210020600,1210026200,논현로,426.4604576,32
1254,1220009000,1210026200,1210020600,논현로,428.1355181,36
1255,1220019603,1220006500,1220006900,개포로-개포로109길_사이,210.8507019,4
1256,1220019703,1220006900,1220006500,개포로-개포로109길_사이,191.5339671,1
1257,1220019602,1220006900,1220027700,개포로109길,113.8063035,3
1258,1220019702,1220027700,1220006900,개포로109길,109.0005193,1
1259,1220046200,1220015500,1220016900,광평로9길,516.7247965,0
1260,1220046300,1220016900,1220015500,광평로9길,535.7920283,0
1261,1220046600,1220017300,1220016300,광평로31길,672.5960931,0
1262,1220046700,1220016300,1220017300,광평로31길,681.4857491,0
1263,1220052900,1220020900,1220023400,밤고개로,240.9799393,116
1264,1220052800,1220023300,1220019600,삼성서울병원내부도로,506.3345473,0
1265,1220052700,1220064400,1220023300,삼성서울병원내부도로,452.2220639,0
1266,1220046500,1220017000,1220016600,언주로,83.35463632,3
1267,1220047500,1220018000,1220017000,언주로,98.89231066,3
1268,1220047100,1220017000,1220017400,언주로,109.5650906,106
1269,1220047400,1220017600,1220017400,언주로,68.4185194,106
1270,1220047900,1220017400,1220018400,언주로,69.48492632,106
1271,1220053100,1220022600,1220022400,선릉로,97.15351462,0
1272,1220052400,1220022000,1220022400,선릉로,131.6604705,0
1273,1220051400,1220022000,1220020300,선릉로,112.2024589,1
1274,1220053900,1220023200,1220022000,선릉로,118.5579569,1
1275,1220054000,1220022400,1220023200,선릉로,72.79027402,0
1276,1220055200,1220024700,1220023800,삼성로-양재천로_연결길,130.3513018,1
1277,1220055300,1220024200,1220024800,양재천로-삼성로_연결길,132.7251032,14
1278,1220048000,1220018900,1220064200,영동대로-양재대로,137.3185323,58
1279,1220048700,1220018700,1220018800,양재대로-영동대로,98.78321106,29
1280,1220047600,1220016800,1220018600,광평로,162.8040767,11
1281,1220047000,1220064300,1220016700,양재대로-광평로,116.4847039,18
1282,1220057000,1220027800,1220025800,남부순환로,456.7717945,5
1283,1220057900,1220027800,1220026900,남부순환로,247.4719464,171
1284,1220058000,1220026800,1220028400,남부순환로,284.6327554,129
1285,1220058300,1220027500,1220028400,남부순환로,270.6391291,39
1286,1220057600,1220027500,1220026900,남부순환로,116.4531979,13
1287,1220057100,1220026800,1220026200,남부순환로,255.7529171,5
1288,1220056900,1220026600,1220027500,남부순환로,279.4039696,95
1289,1220056600,1220025300,1220026400,남부순환로,215.5322193,112
1290,1220056100,1220026100,1220025400,남부순환로,244.363774,18
1291,1220056800,1220026900,1220025100,남부순환로,176.8292865,171
1292,1220056000,1220025100,1220024500,밤고개로,85.76270935,171
1293,1220055100,1220023400,1220025400,밤고개로,295.9561276,129
1294,1220055800,1220025100,1220025300,남부순환로,123.2095164,61
1295,1220055000,1220023400,1220025300,남부순환로,231.8609083,7
1296,1220054300,1220024500,1220020900,밤고개로,416.9579832,171
1297,1220038300,1220011600,1220011300,헌릉로,142.962609,79
1298,1220038200,1220011200,1220011500,헌릉로,126.4905412,39
1299,1220037700,1220010600,1220010900,헌릉로,167.7489241,59
1300,1220037600,1220011000,1220010500,헌릉로,154.2587996,29
1301,1220097300,1220055300,1220054600,영동대로,159.6962005,63
1302,1220095800,1220054100,1220052900,영동대로,175.160693,36
1303,1220045000,1220014900,1210019900,양재천로-논현로_연결길,105.2527674,21
1304,1220052000,1220021900,1220021000,언주로,74.85409769,99
1305,1220051300,1220020800,1220020500,언주로,67.69185035,180
1306,1220051700,1220020600,1220021500,언주로,73.65165408,100
1307,1220052100,1220021700,1220022300,언주로,72.6347373,93
1308,1220075000,1220039100,1220038800,언주로107길,260.186944,0
1309,1220075100,1220038800,1220039100,언주로107길,239.832853,0
1310,1220036601,1220058300,1220010000,논현로,216.7151311,19
1311,1220036703,1220010000,1220058300,논현로,221.0484785,45
1312,1220102400,1220059400,1220010000,압구정로29길,347.5689397,0
1313,1220102500,1220010000,1220059400,압구정로29길,350.7215522,0
1314,1220034505,1220055200,1220010000,논현로,243.9998801,32
1315,1220034405,1220010000,1220055200,논현로,240.6269754,14
1316,1220077100,1220040800,1220038900,테헤란로104길,154.1746512,0
1317,1220077200,1220038900,1220040800,테헤란로104길,153.0017787,0
1318,1220073000,1220038900,1220036900,테헤란로104길,321.1482915,0
1319,1220072900,1220036900,1220038900,테헤란로104길,341.7485563,0
1320,1220024301,1220031300,1220032800,도곡로,623.4426896,54
1321,1220024201,1220032800,1220031300,도곡로,623.8497103,42
1322,1220043900,1220014600,1220013800,자곡로,767.785185,34
1323,1220043800,1220013800,1220014600,자곡로,769.0165733,9
1324,1220006705,1220017800,1220018500,밤고개로,43.6311463,50
1325,1220052300,1220023000,1220020700,광평로,450.7917289,82
1326,1220052200,1220020700,1220023000,광평로,451.3346656,50
1327,1220013203,1220021800,1220020700,광평로,269.0230641,82
1328,1220007601,1210020600,1220003400,논현로,177.5172606,26
1329,1220038502,1220063400,1220063200,헌릉로,428.7856097,79
1330,1220106100,1220060100,1220061100,논현로,282.4680569,133
1331,1220037301,1220061500,1220002900,언주로,77.43388333,264
1332,1220037202,1220062400,1220002900,언주로,301.510809,124
1333,1220001803,1220027000,1220030700,동부간선도로,1227.730034,349
1334,1220001704,1220001500,1220030700,동부간선도로,838.5220077,435
1335,1220001703,1220030700,1220027000,동부간선도로,1226.663919,435
1336,1220001802,1220025700,1220027000,동부간선도로,284.9970168,349
1337,1220001702,1220027000,1220025700,동부간선도로,285.5305458,435
1338,1220001801,1220025000,1220025700,동부간선도로,203.8888565,349
1339,1220079700,1220041600,1220045000,테헤란로115길,600.5396025,19
1340,1220041100,1220013100,1210015200,언주로,675.405578,207
1341,1220041200,1210015200,1220013100,언주로,681.3282186,137
1342,1220002400,1220001500,1220001300,동부간선도로,700.8004588,101
1343,1220060202,1220001300,1220063700,남부순환로,391.6737782,168
1344,1220060302,1220063700,1220031600,남부순환로,608.4642019,77
1345,1220002100,1220001100,1220001400,동부간선도로,781.2907587,85
1346,1220003000,1220001400,1220001900,동부간선도로,1897.099345,454
1347,1220001400,1220025000,1220025800,동부간선도로,919.6701831,22
1348,1220001300,1220025600,1220000700,동부간선도로,735.4029081,43
1349,1220056200,1220025600,1220024500,밤고개로,231.2199907,3
1350,1220003501,1220001900,1220045400,동부간선도로,846.4024153,29
1351,1220003900,1220001900,1220002400,동부간선도로,1544.696159,243
1352,1220090100,1220047800,1220050100,동부간선도로,504.3930626,182
1353,1220088800,1220047600,1220048000,올림픽대로,187.8847795,10
1354,1220004401,1220002200,1220048000,올림픽대로,233.4355958,473
1355,1220004502,1220050100,1220053700,올림픽대로,521.4109566,533
1356,1220005402,1220056200,1220053300,올림픽대로,537.8584203,732
1357,1220095700,1220054000,1220053300,올림픽대로,306.7237725,40
1358,1220096400,1220054000,1220055800,올림픽대로,361.0544518,12
1359,1220100500,1220056200,1220054000,올림픽대로,235.1199276,693
1360,1220098100,1220064000,1220054000,올림픽대로,318.1799936,40
1361,1220097700,1220055900,1220054600,올림픽대로,229.1869282,13
1362,1220099200,1220056200,1220055900,올림픽대로,100.6916179,13
1363,1220005401,1220060400,1220056200,올림픽대로,1515.217843,693
1364,1220101600,1220056900,1220058500,올림픽대로,445.0997614,103
1365,1220005503,1220053700,1220058500,올림픽대로,741.8415497,623
1366,1220099500,1220055800,1220056700,올림픽대로,210.9598902,225
1367,1220097600,1220053700,1220055800,올림픽대로,248.0734435,16
1368,1220004501,1220047900,1220050100,올림픽대로,581.4295566,321
1369,1220004902,1220054500,1220056700,영동대로,340.3074139,193
1370,1220037302,1220002900,1220062300,언주로,302.1516474,264
1371,1220107500,1220061500,1220062100,올림픽대로,838.2457963,119
1372,1220107700,1220060500,1220061600,올림픽대로,978.5799537,34
1373,1220037201,1220002900,1220061600,언주로,73.64036993,124
1374,1220108000,1220061900,1220062300,올림픽대로,332.9102967,39
1375,1220107200,1220060500,1220061900,올림픽대로,335.3793455,39
1376,1220106700,1220061800,1220061900,올림픽대로,604.3465985,71
1377,1220107000,1220061800,1220059700,올림픽대로,496.1220514,29
1378,1220105900,1220059800,1220060800,올림픽대로,288.0656274,37
1379,1220107600,1220062200,1220060800,올림픽대로,480.1425769,56
1380,1220106400,1220060800,1220060400,올림픽대로,266.7605134,56
1381,1220005703,1220061800,1220060400,올림픽대로,598.0364324,582
1382,1220108100,1220062200,1220062100,올림픽대로,278.0763539,250
1383,1220005601,1220062100,1220061700,올림픽대로,311.9049617,545
1384,1220108200,1220062400,1220062200,올림픽대로,230.6766657,250
1385,1220107100,1220061700,1220061100,올림픽대로,420.8482198,52
1386,1220105100,1220061000,1220059300,올림픽대로,521.9169896,68
1387,1220005603,1220060500,1220062100,올림픽대로,915.3461799,545
1388,1220004700,1220002500,1220053600,강남대로,305.2569855,16
1389,1220004600,1210050500,1220051600,강남대로,231.1945803,15
1390,1220096900,1220053600,1210050600,올림픽대로,588.9819908,167
1391,1220096300,1220054400,1210051100,올림픽대로,575.0176135,45
1392,1220097200,1220053600,1220055000,올림픽대로,637.6004514,82
1393,1220095000,1210050500,1220053600,올림픽대로,186.7213273,143
1394,1220001804,1220030700,1220001400,동부간선도로,343.6312581,349
1395,1220001701,1220025700,1220000700,동부간선도로,201.0395517,435
1396,1220005502,1220058500,1220060500,올림픽대로,1105.070867,623
1397,1220004402,1220053300,1220002200,올림픽대로,806.0845428,732
1398,1220005701,1220060700,1220061800,올림픽대로,703.2980273,657
1399,1220088300,1220046500,1220047800,동부간선도로,144.1064992,182
1400,1220003503,1220001900,1220047800,동부간선도로,1045.484353,130
1401,1220108600,1220062700,1220063000,동부간선도로,725.3359223,54
1402,1220108500,1220062900,1220062700,동부간선도로,580.1901542,65
1403,1220108300,1220062700,1220014600,동부간선도로-자곡로_사,310.3060538,65
1404,1220108400,1220014600,1220062700,동부간선도로-자곡로_사,310.3996082,54
1405,1220062702,1220007600,1220031600,남부순환로,219.5345448,85
1406,1220087902,1220047600,1220046500,봉은사로113길,175.3262425,1
1407,1220013305,1220020700,1220064500,광평로,60.12637731,50
1408,1220051802,1220064400,1220023300,삼성서울병원내부도로,669.6791832,0
1409,1220051902,1220023300,1220064400,삼성서울병원내부도로,624.0568009,0
1410,1220002901,1220064100,1220001500,동부간선도로,2278.319325,553
1411,1220002902,1220002400,1220064100,동부간선도로,678.9875837,247
1412,1220093101,1210050300,1210049700,잠원로,138.3439665,15
1413,1220110600,1220002200,1220064100,올림픽대로,318.0968403,268
1414,1220110100,1220045000,1220041600,테헤란로115길,600.3201204,0
1415,1220109800,1220041600,1220037700,역삼로107길,333.2543943,0
1416,1220110000,1220041400,1220043700,봉은사로114길,486.987385,0
1417,1220110400,1220046500,1220045000,테헤란로115길,132.4112486,1
1418,1220110700,1220052300,1220057100,압구정로42길,505.3287281,0
1419,1220110800,1220057100,1220058800,압구정로42길,147.444382,0
1420,1220109600,1220035200,1220034200,논현로94길,274.5042192,0
1421,1220109900,1220041300,1220039100,봉은사로37길,243.1198121,0
1422,1220109500,1220033700,1220032900,테헤란로25길,186.1682853,0
1423,1220109400,1220032900,1220032500,테헤란로25길,86.95006979,0
1424,1220109300,1220033200,1220031700,논현로86길,281.6601847,0
1425,1220109200,1220012300,1220012100,헌릉로758길,154.1688616,0
1426,1220103600,1220058400,1220058300,올림픽대로,450.3897,18
1427,1220105400,1220058300,1220060700,올림픽대로,451.592143,40
1428,1220036704,1220058300,1220060100,논현로,342.9895493,45
1429,1220036602,1220060100,1220058300,논현로,347.6975148,19
1430,1220035700,1220055200,1220058300,논현로,471.0349935,48
1431,1220035600,1220058300,1220055200,논현로,451.3568546,17
1432,1220231800,1230112800,1220116500,헌릉로,1225.957661,25
1433,1220231900,1220116500,1230112800,헌릉로,1223.111489,31
1434,1220006012,1220011800,1220116500,헌릉로,319.5598178,49
1435,1220006112,1220010900,1220116500,헌릉로,414.9472965,59
1436,1220006122,1220116500,1220011800,헌릉로,325.8547882,25
1437,1220006022,1220116500,1220011200,헌릉로,413.1218822,73
1438,1220306300,1220013800,1220063200,자곡로,2161.555651,0
1439,1220306400,1220063200,1220013800,자곡로,2142.618373,0
1440,1220309900,1220148400,1220147200,밤고개로21길,988.8263116,0
1441,1220310000,1220147200,1220148400,밤고개로21길,993.0413813,0
1442,1220310900,1220014600,1220148400,헌릉로757길,482.6918756,4
1443,1220311000,1220148400,1220014600,헌릉로757길,482.9939203,4
1444,1220311700,1220148400,1220148500,헌릉로757길,422.2174062,4
1445,1220311800,1220148500,1220148400,헌릉로757길,421.2242528,4
1446,1220040901,1220148500,1220012600,헌릉로757길,253.7229059,4
1447,1220041001,1220012600,1220148500,헌릉로757길,253.4953014,4
1448,1220040902,1220012700,1220148500,헌릉로757길,67.9954828,0
1449,1220041002,1220148500,1220012700,헌릉로757길,67.97773431,0
1450,1220006713,1220012900,1220147200,밤고개로,148.1152391,0
1451,1220006613,1220013800,1220147200,밤고개로,253.3835883,69
1452,1220006723,1220147200,1220013800,밤고개로,253.2254965,0
1453,1220006623,1220147200,1220012900,밤고개로,148.2968322,69
1454,1220319500,1220150600,1220000100,양재대로,449.8124669,0
1455,1220319600,1220000100,1220150600,양재대로,448.8502603,0
1456,1220320500,1220013900,1220150600,양재대로,399.1861112,120
1457,1220320600,1220150600,1220013900,양재대로,398.4371159,101